"year","period","periodName","value","state","quarter","annual"
1976,"M12","December","8.7","AK",4,"1"
1977,"M12","December","10.8","AK",4,"1"
1978,"M12","December","10.1","AK",4,"1"
1979,"M12","December","9.3","AK",4,"1"
1980,"M12","December","9.6","AK",4,"1"
1981,"M12","December","9.9","AK",4,"1"
1982,"M12","December","10.3","AK",4,"1"
1983,"M12","December","10.1","AK",4,"1"
1984,"M12","December","9.3","AK",4,"1"
1985,"M12","December","10.1","AK",4,"1"
1986,"M12","December","11.0","AK",4,"1"
1987,"M12","December","9.5","AK",4,"1"
1988,"M12","December","8.0","AK",4,"1"
1989,"M12","December","7.1","AK",4,"1"
1990,"M12","December","7.5","AK",4,"1"
1991,"M12","December","9.5","AK",4,"1"
1992,"M12","December","8.3","AK",4,"1"
1993,"M12","December","7.6","AK",4,"1"
1994,"M12","December","7.5","AK",4,"1"
1995,"M12","December","7.9","AK",4,"1"
1996,"M12","December","7.8","AK",4,"1"
1997,"M12","December","6.7","AK",4,"1"
1998,"M12","December","6.5","AK",4,"1"
1999,"M12","December","6.4","AK",4,"1"
2000,"M12","December","6.5","AK",4,"1"
2001,"M12","December","6.8","AK",4,"1"
2002,"M12","December","7.7","AK",4,"1"
2003,"M12","December","8.0","AK",4,"1"
2004,"M12","December","7.3","AK",4,"1"
2005,"M12","December","7.1","AK",4,"1"
2006,"M12","December","6.6","AK",4,"1"
2007,"M12","December","6.5","AK",4,"1"
2008,"M12","December","7.0","AK",4,"1"
2009,"M12","December","8.0","AK",4,"1"
2010,"M12","December","8.0","AK",4,"1"
2011,"M12","December","7.8","AK",4,"1"
2012,"M12","December","7.2","AK",4,"1"
2013,"M12","December","7.0","AK",4,"1"
2014,"M12","December","6.6","AK",4,"1"
2015,"M12","December","6.8","AK",4,"1"
2016,"M12","December","7.1","AK",4,"1"
2017,"M12","December","7.0","AK",4,"1"
2018,"M12","December","6.3","AK",4,"1"
2019,"M12","December","6.1","AK",4,"1"
1976,"M12","December","6.6","AL",4,"1"
1977,"M12","December","6.0","AL",4,"1"
1978,"M12","December","6.5","AL",4,"1"
1979,"M12","December","6.7","AL",4,"1"
1980,"M12","December","9.0","AL",4,"1"
1981,"M12","December","11.8","AL",4,"1"
1982,"M12","December","15.3","AL",4,"1"
1983,"M12","December","11.8","AL",4,"1"
1984,"M12","December","10.1","AL",4,"1"
1985,"M12","December","8.7","AL",4,"1"
1986,"M12","December","9.0","AL",4,"1"
1987,"M12","December","7.0","AL",4,"1"
1988,"M12","December","7.1","AL",4,"1"
1989,"M12","December","6.2","AL",4,"1"
1990,"M12","December","6.6","AL",4,"1"
1991,"M12","December","7.1","AL",4,"1"
1992,"M12","December","7.1","AL",4,"1"
1993,"M12","December","6.2","AL",4,"1"
1994,"M12","December","5.3","AL",4,"1"
1995,"M12","December","5.0","AL",4,"1"
1996,"M12","December","4.7","AL",4,"1"
1997,"M12","December","4.0","AL",4,"1"
1998,"M12","December","4.1","AL",4,"1"
1999,"M12","December","4.4","AL",4,"1"
2000,"M12","December","4.2","AL",4,"1"
2001,"M12","December","5.8","AL",4,"1"
2002,"M12","December","5.7","AL",4,"1"
2003,"M12","December","5.7","AL",4,"1"
2004,"M12","December","4.9","AL",4,"1"
2005,"M12","December","3.9","AL",4,"1"
2006,"M12","December","3.7","AL",4,"1"
2007,"M12","December","4.3","AL",4,"1"
2008,"M12","December","7.6","AL",4,"1"
2009,"M12","December","11.4","AL",4,"1"
2010,"M12","December","9.8","AL",4,"1"
2011,"M12","December","7.9","AL",4,"1"
2012,"M12","December","7.2","AL",4,"1"
2013,"M12","December","6.8","AL",4,"1"
2014,"M12","December","5.8","AL",4,"1"
2015,"M12","December","5.8","AL",4,"1"
2016,"M12","December","5.4","AL",4,"1"
2017,"M12","December","3.7","AL",4,"1"
2018,"M12","December","3.5","AL",4,"1"
2019,"M12","December","2.5","AL",4,"1"
1976,"M12","December","6.4","AR",4,"1"
1977,"M12","December","6.1","AR",4,"1"
1978,"M12","December","6.3","AR",4,"1"
1979,"M12","December","5.8","AR",4,"1"
1980,"M12","December","8.0","AR",4,"1"
1981,"M12","December","9.2","AR",4,"1"
1982,"M12","December","10.2","AR",4,"1"
1983,"M12","December","9.1","AR",4,"1"
1984,"M12","December","8.3","AR",4,"1"
1985,"M12","December","8.6","AR",4,"1"
1986,"M12","December","8.3","AR",4,"1"
1987,"M12","December","7.6","AR",4,"1"
1988,"M12","December","7.1","AR",4,"1"
1989,"M12","December","6.6","AR",4,"1"
1990,"M12","December","7.2","AR",4,"1"
1991,"M12","December","7.4","AR",4,"1"
1992,"M12","December","6.5","AR",4,"1"
1993,"M12","December","5.6","AR",4,"1"
1994,"M12","December","4.7","AR",4,"1"
1995,"M12","December","4.8","AR",4,"1"
1996,"M12","December","5.2","AR",4,"1"
1997,"M12","December","5.1","AR",4,"1"
1998,"M12","December","4.8","AR",4,"1"
1999,"M12","December","4.3","AR",4,"1"
2000,"M12","December","4.1","AR",4,"1"
2001,"M12","December","5.3","AR",4,"1"
2002,"M12","December","5.4","AR",4,"1"
2003,"M12","December","5.6","AR",4,"1"
2004,"M12","December","5.4","AR",4,"1"
2005,"M12","December","4.9","AR",4,"1"
2006,"M12","December","5.0","AR",4,"1"
2007,"M12","December","5.2","AR",4,"1"
2008,"M12","December","6.6","AR",4,"1"
2009,"M12","December","8.1","AR",4,"1"
2010,"M12","December","8.2","AR",4,"1"
2011,"M12","December","7.8","AR",4,"1"
2012,"M12","December","7.4","AR",4,"1"
2013,"M12","December","6.7","AR",4,"1"
2014,"M12","December","5.5","AR",4,"1"
2015,"M12","December","4.2","AR",4,"1"
2016,"M12","December","3.6","AR",4,"1"
2017,"M12","December","3.6","AR",4,"1"
2018,"M12","December","3.5","AR",4,"1"
2019,"M12","December","3.4","AR",4,"1"
1976,"M12","December","8.8","AZ",4,"1"
1977,"M12","December","6.2","AZ",4,"1"
1978,"M12","December","5.1","AZ",4,"1"
1979,"M12","December","4.6","AZ",4,"1"
1980,"M12","December","5.4","AZ",4,"1"
1981,"M12","December","7.0","AZ",4,"1"
1982,"M12","December","11.2","AZ",4,"1"
1983,"M12","December","5.4","AZ",4,"1"
1984,"M12","December","5.3","AZ",4,"1"
1985,"M12","December","5.9","AZ",4,"1"
1986,"M12","December","6.5","AZ",4,"1"
1987,"M12","December","5.7","AZ",4,"1"
1988,"M12","December","5.7","AZ",4,"1"
1989,"M12","December","4.5","AZ",4,"1"
1990,"M12","December","4.8","AZ",4,"1"
1991,"M12","December","6.8","AZ",4,"1"
1992,"M12","December","6.7","AZ",4,"1"
1993,"M12","December","5.6","AZ",4,"1"
1994,"M12","December","5.1","AZ",4,"1"
1995,"M12","December","4.9","AZ",4,"1"
1996,"M12","December","5.0","AZ",4,"1"
1997,"M12","December","3.9","AZ",4,"1"
1998,"M12","December","4.0","AZ",4,"1"
1999,"M12","December","3.7","AZ",4,"1"
2000,"M12","December","3.5","AZ",4,"1"
2001,"M12","December","5.3","AZ",4,"1"
2002,"M12","December","5.7","AZ",4,"1"
2003,"M12","December","4.9","AZ",4,"1"
2004,"M12","December","4.4","AZ",4,"1"
2005,"M12","December","4.2","AZ",4,"1"
2006,"M12","December","3.6","AZ",4,"1"
2007,"M12","December","4.2","AZ",4,"1"
2008,"M12","December","7.8","AZ",4,"1"
2009,"M12","December","10.6","AZ",4,"1"
2010,"M12","December","9.6","AZ",4,"1"
2011,"M12","December","8.5","AZ",4,"1"
2012,"M12","December","7.7","AZ",4,"1"
2013,"M12","December","7.0","AZ",4,"1"
2014,"M12","December","6.1","AZ",4,"1"
2015,"M12","December","5.4","AZ",4,"1"
2016,"M12","December","4.8","AZ",4,"1"
2017,"M12","December","4.5","AZ",4,"1"
2018,"M12","December","4.7","AZ",4,"1"
2019,"M12","December","4.2","AZ",4,"1"
1976,"M12","December","9.1","CA",4,"1"
1977,"M12","December","7.1","CA",4,"1"
1978,"M12","December","6.4","CA",4,"1"
1979,"M12","December","5.8","CA",4,"1"
1980,"M12","December","6.5","CA",4,"1"
1981,"M12","December","8.2","CA",4,"1"
1982,"M12","December","10.8","CA",4,"1"
1983,"M12","December","8.2","CA",4,"1"
1984,"M12","December","7.1","CA",4,"1"
1985,"M12","December","6.5","CA",4,"1"
1986,"M12","December","6.0","CA",4,"1"
1987,"M12","December","5.0","CA",4,"1"
1988,"M12","December","4.8","CA",4,"1"
1989,"M12","December","4.9","CA",4,"1"
1990,"M12","December","6.6","CA",4,"1"
1991,"M12","December","8.0","CA",4,"1"
1992,"M12","December","9.5","CA",4,"1"
1993,"M12","December","8.7","CA",4,"1"
1994,"M12","December","7.3","CA",4,"1"
1995,"M12","December","7.3","CA",4,"1"
1996,"M12","December","6.5","CA",4,"1"
1997,"M12","December","5.8","CA",4,"1"
1998,"M12","December","5.4","CA",4,"1"
1999,"M12","December","4.7","CA",4,"1"
2000,"M12","December","4.4","CA",4,"1"
2001,"M12","December","6.1","CA",4,"1"
2002,"M12","December","6.7","CA",4,"1"
2003,"M12","December","6.2","CA",4,"1"
2004,"M12","December","5.7","CA",4,"1"
2005,"M12","December","4.9","CA",4,"1"
2006,"M12","December","4.7","CA",4,"1"
2007,"M12","December","5.9","CA",4,"1"
2008,"M12","December","9.0","CA",4,"1"
2009,"M12","December","11.8","CA",4,"1"
2010,"M12","December","12.1","CA",4,"1"
2011,"M12","December","11.0","CA",4,"1"
2012,"M12","December","9.6","CA",4,"1"
2013,"M12","December","8.0","CA",4,"1"
2014,"M12","December","6.6","CA",4,"1"
2015,"M12","December","5.6","CA",4,"1"
2016,"M12","December","5.1","CA",4,"1"
2017,"M12","December","4.3","CA",4,"1"
2018,"M12","December","4.2","CA",4,"1"
2019,"M12","December","3.7","CA",4,"1"
1976,"M12","December","6.1","CO",4,"1"
1977,"M12","December","5.7","CO",4,"1"
1978,"M12","December","4.7","CO",4,"1"
1979,"M12","December","4.5","CO",4,"1"
1980,"M12","December","5.8","CO",4,"1"
1981,"M12","December","5.7","CO",4,"1"
1982,"M12","December","8.3","CO",4,"1"
1983,"M12","December","5.5","CO",4,"1"
1984,"M12","December","5.5","CO",4,"1"
1985,"M12","December","6.3","CO",4,"1"
1986,"M12","December","8.2","CO",4,"1"
1987,"M12","December","6.9","CO",4,"1"
1988,"M12","December","5.7","CO",4,"1"
1989,"M12","December","5.5","CO",4,"1"
1990,"M12","December","4.9","CO",4,"1"
1991,"M12","December","5.5","CO",4,"1"
1992,"M12","December","6.0","CO",4,"1"
1993,"M12","December","4.4","CO",4,"1"
1994,"M12","December","3.4","CO",4,"1"
1995,"M12","December","3.9","CO",4,"1"
1996,"M12","December","3.6","CO",4,"1"
1997,"M12","December","3.2","CO",4,"1"
1998,"M12","December","3.1","CO",4,"1"
1999,"M12","December","2.7","CO",4,"1"
2000,"M12","December","2.5","CO",4,"1"
2001,"M12","December","5.1","CO",4,"1"
2002,"M12","December","5.6","CO",4,"1"
2003,"M12","December","5.7","CO",4,"1"
2004,"M12","December","5.2","CO",4,"1"
2005,"M12","December","4.7","CO",4,"1"
2006,"M12","December","3.7","CO",4,"1"
2007,"M12","December","4.0","CO",4,"1"
2008,"M12","December","5.6","CO",4,"1"
2009,"M12","December","8.0","CO",4,"1"
2010,"M12","December","8.8","CO",4,"1"
2011,"M12","December","8.1","CO",4,"1"
2012,"M12","December","7.3","CO",4,"1"
2013,"M12","December","5.9","CO",4,"1"
2014,"M12","December","4.1","CO",4,"1"
2015,"M12","December","3.4","CO",4,"1"
2016,"M12","December","2.7","CO",4,"1"
2017,"M12","December","2.8","CO",4,"1"
2018,"M12","December","3.2","CO",4,"1"
2019,"M12","December","2.4","CO",4,"1"
1976,"M12","December","7.8","CT",4,"1"
1977,"M12","December","5.5","CT",4,"1"
1978,"M12","December","4.9","CT",4,"1"
1979,"M12","December","4.6","CT",4,"1"
1980,"M12","December","5.7","CT",4,"1"
1981,"M12","December","6.2","CT",4,"1"
1982,"M12","December","6.7","CT",4,"1"
1983,"M12","December","4.7","CT",4,"1"
1984,"M12","December","4.4","CT",4,"1"
1985,"M12","December","3.7","CT",4,"1"
1986,"M12","December","3.4","CT",4,"1"
1987,"M12","December","2.6","CT",4,"1"
1988,"M12","December","2.6","CT",4,"1"
1989,"M12","December","4.3","CT",4,"1"
1990,"M12","December","5.1","CT",4,"1"
1991,"M12","December","7.1","CT",4,"1"
1992,"M12","December","7.3","CT",4,"1"
1993,"M12","December","5.2","CT",4,"1"
1994,"M12","December","5.1","CT",4,"1"
1995,"M12","December","4.8","CT",4,"1"
1996,"M12","December","5.3","CT",4,"1"
1997,"M12","December","3.5","CT",4,"1"
1998,"M12","December","2.4","CT",4,"1"
1999,"M12","December","2.3","CT",4,"1"
2000,"M12","December","1.8","CT",4,"1"
2001,"M12","December","2.8","CT",4,"1"
2002,"M12","December","4.7","CT",4,"1"
2003,"M12","December","4.6","CT",4,"1"
2004,"M12","December","4.2","CT",4,"1"
2005,"M12","December","4.0","CT",4,"1"
2006,"M12","December","3.7","CT",4,"1"
2007,"M12","December","4.4","CT",4,"1"
2008,"M12","December","6.1","CT",4,"1"
2009,"M12","December","8.3","CT",4,"1"
2010,"M12","December","8.7","CT",4,"1"
2011,"M12","December","7.7","CT",4,"1"
2012,"M12","December","7.6","CT",4,"1"
2013,"M12","December","6.7","CT",4,"1"
2014,"M12","December","5.6","CT",4,"1"
2015,"M12","December","5.0","CT",4,"1"
2016,"M12","December","4.3","CT",4,"1"
2017,"M12","December","4.0","CT",4,"1"
2018,"M12","December","3.4","CT",4,"1"
2019,"M12","December","3.2","CT",4,"1"
1976,"M12","December","9.0","DE",4,"1"
1977,"M12","December","6.8","DE",4,"1"
1978,"M12","December","6.5","DE",4,"1"
1979,"M12","December","6.5","DE",4,"1"
1980,"M12","December","7.0","DE",4,"1"
1981,"M12","December","7.8","DE",4,"1"
1982,"M12","December","7.4","DE",4,"1"
1983,"M12","December","6.3","DE",4,"1"
1984,"M12","December","5.2","DE",4,"1"
1985,"M12","December","3.8","DE",4,"1"
1986,"M12","December","2.6","DE",4,"1"
1987,"M12","December","2.6","DE",4,"1"
1988,"M12","December","2.7","DE",4,"1"
1989,"M12","December","3.2","DE",4,"1"
1990,"M12","December","6.3","DE",4,"1"
1991,"M12","December","5.1","DE",4,"1"
1992,"M12","December","4.4","DE",4,"1"
1993,"M12","December","4.9","DE",4,"1"
1994,"M12","December","3.6","DE",4,"1"
1995,"M12","December","4.4","DE",4,"1"
1996,"M12","December","4.6","DE",4,"1"
1997,"M12","December","3.2","DE",4,"1"
1998,"M12","December","2.8","DE",4,"1"
1999,"M12","December","3.1","DE",4,"1"
2000,"M12","December","3.5","DE",4,"1"
2001,"M12","December","3.3","DE",4,"1"
2002,"M12","December","3.6","DE",4,"1"
2003,"M12","December","3.5","DE",4,"1"
2004,"M12","December","3.6","DE",4,"1"
2005,"M12","December","3.8","DE",4,"1"
2006,"M12","December","2.9","DE",4,"1"
2007,"M12","December","3.4","DE",4,"1"
2008,"M12","December","6.3","DE",4,"1"
2009,"M12","December","8.4","DE",4,"1"
2010,"M12","December","7.6","DE",4,"1"
2011,"M12","December","6.7","DE",4,"1"
2012,"M12","December","6.8","DE",4,"1"
2013,"M12","December","5.7","DE",4,"1"
2014,"M12","December","4.6","DE",4,"1"
2015,"M12","December","4.2","DE",4,"1"
2016,"M12","December","4.1","DE",4,"1"
2017,"M12","December","3.8","DE",4,"1"
2018,"M12","December","3.1","DE",4,"1"
2019,"M12","December","3.5","DE",4,"1"
1976,"M12","December","8.7","FL",4,"1"
1977,"M12","December","6.6","FL",4,"1"
1978,"M12","December","6.2","FL",4,"1"
1979,"M12","December","5.0","FL",4,"1"
1980,"M12","December","5.8","FL",4,"1"
1981,"M12","December","7.2","FL",4,"1"
1982,"M12","December","9.1","FL",4,"1"
1983,"M12","December","6.8","FL",4,"1"
1984,"M12","December","5.8","FL",4,"1"
1985,"M12","December","5.3","FL",4,"1"
1986,"M12","December","5.2","FL",4,"1"
1987,"M12","December","4.7","FL",4,"1"
1988,"M12","December","4.9","FL",4,"1"
1989,"M12","December","5.3","FL",4,"1"
1990,"M12","December","6.4","FL",4,"1"
1991,"M12","December","7.9","FL",4,"1"
1992,"M12","December","7.2","FL",4,"1"
1993,"M12","December","6.4","FL",4,"1"
1994,"M12","December","5.2","FL",4,"1"
1995,"M12","December","5.1","FL",4,"1"
1996,"M12","December","4.6","FL",4,"1"
1997,"M12","December","4.2","FL",4,"1"
1998,"M12","December","3.6","FL",4,"1"
1999,"M12","December","3.3","FL",4,"1"
2000,"M12","December","3.3","FL",4,"1"
2001,"M12","December","5.8","FL",4,"1"
2002,"M12","December","5.2","FL",4,"1"
2003,"M12","December","4.5","FL",4,"1"
2004,"M12","December","4.2","FL",4,"1"
2005,"M12","December","3.0","FL",4,"1"
2006,"M12","December","3.2","FL",4,"1"
2007,"M12","December","4.7","FL",4,"1"
2008,"M12","December","8.1","FL",4,"1"
2009,"M12","December","11.1","FL",4,"1"
2010,"M12","December","10.7","FL",4,"1"
2011,"M12","December","9.0","FL",4,"1"
2012,"M12","December","7.8","FL",4,"1"
2013,"M12","December","6.3","FL",4,"1"
2014,"M12","December","5.6","FL",4,"1"
2015,"M12","December","4.9","FL",4,"1"
2016,"M12","December","4.5","FL",4,"1"
2017,"M12","December","3.8","FL",4,"1"
2018,"M12","December","3.4","FL",4,"1"
2019,"M12","December","2.5","FL",4,"1"
1976,"M12","December","7.9","GA",4,"1"
1977,"M12","December","5.2","GA",4,"1"
1978,"M12","December","5.4","GA",4,"1"
1979,"M12","December","4.7","GA",4,"1"
1980,"M12","December","5.1","GA",4,"1"
1981,"M12","December","6.9","GA",4,"1"
1982,"M12","December","8.6","GA",4,"1"
1983,"M12","December","6.4","GA",4,"1"
1984,"M12","December","5.8","GA",4,"1"
1985,"M12","December","5.4","GA",4,"1"
1986,"M12","December","5.2","GA",4,"1"
1987,"M12","December","5.3","GA",4,"1"
1988,"M12","December","5.1","GA",4,"1"
1989,"M12","December","4.9","GA",4,"1"
1990,"M12","December","5.6","GA",4,"1"
1991,"M12","December","4.6","GA",4,"1"
1992,"M12","December","6.3","GA",4,"1"
1993,"M12","December","5.2","GA",4,"1"
1994,"M12","December","4.0","GA",4,"1"
1995,"M12","December","4.4","GA",4,"1"
1996,"M12","December","4.7","GA",4,"1"
1997,"M12","December","4.1","GA",4,"1"
1998,"M12","December","3.7","GA",4,"1"
1999,"M12","December","3.5","GA",4,"1"
2000,"M12","December","3.0","GA",4,"1"
2001,"M12","December","4.7","GA",4,"1"
2002,"M12","December","4.9","GA",4,"1"
2003,"M12","December","4.0","GA",4,"1"
2004,"M12","December","5.1","GA",4,"1"
2005,"M12","December","4.9","GA",4,"1"
2006,"M12","December","4.3","GA",4,"1"
2007,"M12","December","5.0","GA",4,"1"
2008,"M12","December","8.1","GA",4,"1"
2009,"M12","December","10.4","GA",4,"1"
2010,"M12","December","10.6","GA",4,"1"
2011,"M12","December","9.7","GA",4,"1"
2012,"M12","December","8.7","GA",4,"1"
2013,"M12","December","7.4","GA",4,"1"
2014,"M12","December","6.2","GA",4,"1"
2015,"M12","December","5.4","GA",4,"1"
2016,"M12","December","5.1","GA",4,"1"
2017,"M12","December","4.2","GA",4,"1"
2018,"M12","December","3.8","GA",4,"1"
2019,"M12","December","2.9","GA",4,"1"
1976,"M12","December","7.6","HI",4,"1"
1977,"M12","December","7.4","HI",4,"1"
1978,"M12","December","6.0","HI",4,"1"
1979,"M12","December","4.8","HI",4,"1"
1980,"M12","December","4.7","HI",4,"1"
1981,"M12","December","5.3","HI",4,"1"
1982,"M12","December","5.9","HI",4,"1"
1983,"M12","December","5.3","HI",4,"1"
1984,"M12","December","5.3","HI",4,"1"
1985,"M12","December","4.7","HI",4,"1"
1986,"M12","December","3.5","HI",4,"1"
1987,"M12","December","2.8","HI",4,"1"
1988,"M12","December","2.6","HI",4,"1"
1989,"M12","December","2.1","HI",4,"1"
1990,"M12","December","1.9","HI",4,"1"
1991,"M12","December","2.9","HI",4,"1"
1992,"M12","December","4.3","HI",4,"1"
1993,"M12","December","4.2","HI",4,"1"
1994,"M12","December","4.7","HI",4,"1"
1995,"M12","December","5.4","HI",4,"1"
1996,"M12","December","5.7","HI",4,"1"
1997,"M12","December","5.6","HI",4,"1"
1998,"M12","December","5.5","HI",4,"1"
1999,"M12","December","4.4","HI",4,"1"
2000,"M12","December","3.6","HI",4,"1"
2001,"M12","December","4.9","HI",4,"1"
2002,"M12","December","3.2","HI",4,"1"
2003,"M12","December","3.6","HI",4,"1"
2004,"M12","December","2.8","HI",4,"1"
2005,"M12","December","2.3","HI",4,"1"
2006,"M12","December","1.9","HI",4,"1"
2007,"M12","December","2.9","HI",4,"1"
2008,"M12","December","5.6","HI",4,"1"
2009,"M12","December","6.8","HI",4,"1"
2010,"M12","December","6.4","HI",4,"1"
2011,"M12","December","6.4","HI",4,"1"
2012,"M12","December","4.8","HI",4,"1"
2013,"M12","December","4.4","HI",4,"1"
2014,"M12","December","3.7","HI",4,"1"
2015,"M12","December","2.8","HI",4,"1"
2016,"M12","December","2.4","HI",4,"1"
2017,"M12","December","2.0","HI",4,"1"
2018,"M12","December","2.4","HI",4,"1"
2019,"M12","December","2.2","HI",4,"1"
1976,"M12","December","4.1","IA",4,"1"
1977,"M12","December","3.8","IA",4,"1"
1978,"M12","December","4.3","IA",4,"1"
1979,"M12","December","4.7","IA",4,"1"
1980,"M12","December","6.2","IA",4,"1"
1981,"M12","December","7.7","IA",4,"1"
1982,"M12","December","9.1","IA",4,"1"
1983,"M12","December","7.2","IA",4,"1"
1984,"M12","December","7.4","IA",4,"1"
1985,"M12","December","7.3","IA",4,"1"
1986,"M12","December","6.3","IA",4,"1"
1987,"M12","December","4.9","IA",4,"1"
1988,"M12","December","4.3","IA",4,"1"
1989,"M12","December","4.2","IA",4,"1"
1990,"M12","December","4.8","IA",4,"1"
1991,"M12","December","4.9","IA",4,"1"
1992,"M12","December","4.4","IA",4,"1"
1993,"M12","December","3.8","IA",4,"1"
1994,"M12","December","3.5","IA",4,"1"
1995,"M12","December","3.5","IA",4,"1"
1996,"M12","December","3.5","IA",4,"1"
1997,"M12","December","3.0","IA",4,"1"
1998,"M12","December","2.8","IA",4,"1"
1999,"M12","December","2.5","IA",4,"1"
2000,"M12","December","2.9","IA",4,"1"
2001,"M12","December","3.8","IA",4,"1"
2002,"M12","December","4.2","IA",4,"1"
2003,"M12","December","4.5","IA",4,"1"
2004,"M12","December","4.6","IA",4,"1"
2005,"M12","December","4.4","IA",4,"1"
2006,"M12","December","3.8","IA",4,"1"
2007,"M12","December","3.8","IA",4,"1"
2008,"M12","December","5.4","IA",4,"1"
2009,"M12","December","6.5","IA",4,"1"
2010,"M12","December","5.9","IA",4,"1"
2011,"M12","December","5.5","IA",4,"1"
2012,"M12","December","5.0","IA",4,"1"
2013,"M12","December","4.4","IA",4,"1"
2014,"M12","December","4.1","IA",4,"1"
2015,"M12","December","3.8","IA",4,"1"
2016,"M12","December","3.5","IA",4,"1"
2017,"M12","December","2.9","IA",4,"1"
2018,"M12","December","2.7","IA",4,"1"
2019,"M12","December","2.9","IA",4,"1"
1976,"M12","December","5.6","ID",4,"1"
1977,"M12","December","5.4","ID",4,"1"
1978,"M12","December","6.1","ID",4,"1"
1979,"M12","December","6.3","ID",4,"1"
1980,"M12","December","7.4","ID",4,"1"
1981,"M12","December","9.3","ID",4,"1"
1982,"M12","December","10.4","ID",4,"1"
1983,"M12","December","8.0","ID",4,"1"
1984,"M12","December","7.5","ID",4,"1"
1985,"M12","December","8.3","ID",4,"1"
1986,"M12","December","8.3","ID",4,"1"
1987,"M12","December","7.0","ID",4,"1"
1988,"M12","December","5.5","ID",4,"1"
1989,"M12","December","5.2","ID",4,"1"
1990,"M12","December","6.0","ID",4,"1"
1991,"M12","December","6.5","ID",4,"1"
1992,"M12","December","6.0","ID",4,"1"
1993,"M12","December","5.6","ID",4,"1"
1994,"M12","December","5.7","ID",4,"1"
1995,"M12","December","5.5","ID",4,"1"
1996,"M12","December","5.2","ID",4,"1"
1997,"M12","December","5.2","ID",4,"1"
1998,"M12","December","5.2","ID",4,"1"
1999,"M12","December","4.7","ID",4,"1"
2000,"M12","December","5.0","ID",4,"1"
2001,"M12","December","5.6","ID",4,"1"
2002,"M12","December","5.7","ID",4,"1"
2003,"M12","December","5.5","ID",4,"1"
2004,"M12","December","4.7","ID",4,"1"
2005,"M12","December","3.6","ID",4,"1"
2006,"M12","December","3.4","ID",4,"1"
2007,"M12","December","3.7","ID",4,"1"
2008,"M12","December","7.0","ID",4,"1"
2009,"M12","December","9.6","ID",4,"1"
2010,"M12","December","9.0","ID",4,"1"
2011,"M12","December","7.9","ID",4,"1"
2012,"M12","December","6.8","ID",4,"1"
2013,"M12","December","5.3","ID",4,"1"
2014,"M12","December","4.5","ID",4,"1"
2015,"M12","December","4.0","ID",4,"1"
2016,"M12","December","3.6","ID",4,"1"
2017,"M12","December","3.1","ID",4,"1"
2018,"M12","December","3.0","ID",4,"1"
2019,"M12","December","2.9","ID",4,"1"
1976,"M12","December","6.4","IL",4,"1"
1977,"M12","December","5.7","IL",4,"1"
1978,"M12","December","5.5","IL",4,"1"
1979,"M12","December","6.0","IL",4,"1"
1980,"M12","December","8.5","IL",4,"1"
1981,"M12","December","8.9","IL",4,"1"
1982,"M12","December","13.0","IL",4,"1"
1983,"M12","December","9.8","IL",4,"1"
1984,"M12","December","8.6","IL",4,"1"
1985,"M12","December","8.4","IL",4,"1"
1986,"M12","December","7.3","IL",4,"1"
1987,"M12","December","6.7","IL",4,"1"
1988,"M12","December","5.9","IL",4,"1"
1989,"M12","December","6.3","IL",4,"1"
1990,"M12","December","6.2","IL",4,"1"
1991,"M12","December","8.4","IL",4,"1"
1992,"M12","December","7.2","IL",4,"1"
1993,"M12","December","6.2","IL",4,"1"
1994,"M12","December","4.5","IL",4,"1"
1995,"M12","December","5.0","IL",4,"1"
1996,"M12","December","4.9","IL",4,"1"
1997,"M12","December","4.7","IL",4,"1"
1998,"M12","December","4.1","IL",4,"1"
1999,"M12","December","4.1","IL",4,"1"
2000,"M12","December","4.4","IL",4,"1"
2001,"M12","December","6.0","IL",4,"1"
2002,"M12","December","6.4","IL",4,"1"
2003,"M12","December","6.2","IL",4,"1"
2004,"M12","December","5.8","IL",4,"1"
2005,"M12","December","5.1","IL",4,"1"
2006,"M12","December","4.2","IL",4,"1"
2007,"M12","December","5.4","IL",4,"1"
2008,"M12","December","7.6","IL",4,"1"
2009,"M12","December","11.0","IL",4,"1"
2010,"M12","December","9.3","IL",4,"1"
2011,"M12","December","9.2","IL",4,"1"
2012,"M12","December","9.1","IL",4,"1"
2013,"M12","December","8.2","IL",4,"1"
2014,"M12","December","5.8","IL",4,"1"
2015,"M12","December","6.0","IL",4,"1"
2016,"M12","December","5.3","IL",4,"1"
2017,"M12","December","4.5","IL",4,"1"
2018,"M12","December","4.4","IL",4,"1"
2019,"M12","December","3.5","IL",4,"1"
1976,"M12","December","5.3","IN",4,"1"
1977,"M12","December","5.4","IN",4,"1"
1978,"M12","December","5.4","IN",4,"1"
1979,"M12","December","7.7","IN",4,"1"
1980,"M12","December","9.1","IN",4,"1"
1981,"M12","December","11.5","IN",4,"1"
1982,"M12","December","12.7","IN",4,"1"
1983,"M12","December","9.8","IN",4,"1"
1984,"M12","December","8.5","IN",4,"1"
1985,"M12","December","7.0","IN",4,"1"
1986,"M12","December","6.5","IN",4,"1"
1987,"M12","December","5.3","IN",4,"1"
1988,"M12","December","5.0","IN",4,"1"
1989,"M12","December","5.2","IN",4,"1"
1990,"M12","December","5.6","IN",4,"1"
1991,"M12","December","5.8","IN",4,"1"
1992,"M12","December","6.1","IN",4,"1"
1993,"M12","December","4.7","IN",4,"1"
1994,"M12","December","4.0","IN",4,"1"
1995,"M12","December","4.3","IN",4,"1"
1996,"M12","December","3.3","IN",4,"1"
1997,"M12","December","3.3","IN",4,"1"
1998,"M12","December","3.0","IN",4,"1"
1999,"M12","December","3.1","IN",4,"1"
2000,"M12","December","2.9","IN",4,"1"
2001,"M12","December","5.2","IN",4,"1"
2002,"M12","December","4.8","IN",4,"1"
2003,"M12","December","5.0","IN",4,"1"
2004,"M12","December","5.5","IN",4,"1"
2005,"M12","December","5.2","IN",4,"1"
2006,"M12","December","4.6","IN",4,"1"
2007,"M12","December","4.7","IN",4,"1"
2008,"M12","December","8.1","IN",4,"1"
2009,"M12","December","10.7","IN",4,"1"
2010,"M12","December","9.2","IN",4,"1"
2011,"M12","December","8.7","IN",4,"1"
2012,"M12","December","8.5","IN",4,"1"
2013,"M12","December","6.3","IN",4,"1"
2014,"M12","December","5.4","IN",4,"1"
2015,"M12","December","4.5","IN",4,"1"
2016,"M12","December","3.9","IN",4,"1"
2017,"M12","December","3.1","IN",4,"1"
2018,"M12","December","3.5","IN",4,"1"
2019,"M12","December","3.0","IN",4,"1"
1976,"M12","December","4.0","KS",4,"1"
1977,"M12","December","3.1","KS",4,"1"
1978,"M12","December","2.8","KS",4,"1"
1979,"M12","December","3.0","KS",4,"1"
1980,"M12","December","4.2","KS",4,"1"
1981,"M12","December","4.5","KS",4,"1"
1982,"M12","December","6.7","KS",4,"1"
1983,"M12","December","4.9","KS",4,"1"
1984,"M12","December","4.4","KS",4,"1"
1985,"M12","December","5.0","KS",4,"1"
1986,"M12","December","4.6","KS",4,"1"
1987,"M12","December","4.0","KS",4,"1"
1988,"M12","December","4.0","KS",4,"1"
1989,"M12","December","3.7","KS",4,"1"
1990,"M12","December","4.1","KS",4,"1"
1991,"M12","December","3.7","KS",4,"1"
1992,"M12","December","4.2","KS",4,"1"
1993,"M12","December","4.5","KS",4,"1"
1994,"M12","December","4.4","KS",4,"1"
1995,"M12","December","3.6","KS",4,"1"
1996,"M12","December","3.7","KS",4,"1"
1997,"M12","December","3.2","KS",4,"1"
1998,"M12","December","3.0","KS",4,"1"
1999,"M12","December","3.0","KS",4,"1"
2000,"M12","December","3.3","KS",4,"1"
2001,"M12","December","4.2","KS",4,"1"
2002,"M12","December","4.5","KS",4,"1"
2003,"M12","December","5.2","KS",4,"1"
2004,"M12","December","4.9","KS",4,"1"
2005,"M12","December","4.3","KS",4,"1"
2006,"M12","December","3.9","KS",4,"1"
2007,"M12","December","4.1","KS",4,"1"
2008,"M12","December","5.0","KS",4,"1"
2009,"M12","December","6.8","KS",4,"1"
2010,"M12","December","6.4","KS",4,"1"
2011,"M12","December","5.7","KS",4,"1"
2012,"M12","December","5.2","KS",4,"1"
2013,"M12","December","4.3","KS",4,"1"
2014,"M12","December","3.8","KS",4,"1"
2015,"M12","December","3.6","KS",4,"1"
2016,"M12","December","3.6","KS",4,"1"
2017,"M12","December","3.1","KS",4,"1"
2018,"M12","December","3.0","KS",4,"1"
2019,"M12","December","2.9","KS",4,"1"
1976,"M12","December","4.5","KY",4,"1"
1977,"M12","December","4.4","KY",4,"1"
1978,"M12","December","4.9","KY",4,"1"
1979,"M12","December","5.4","KY",4,"1"
1980,"M12","December","8.1","KY",4,"1"
1981,"M12","December","9.8","KY",4,"1"
1982,"M12","December","11.9","KY",4,"1"
1983,"M12","December","9.7","KY",4,"1"
1984,"M12","December","8.2","KY",4,"1"
1985,"M12","December","9.4","KY",4,"1"
1986,"M12","December","9.0","KY",4,"1"
1987,"M12","December","7.5","KY",4,"1"
1988,"M12","December","6.6","KY",4,"1"
1989,"M12","December","5.6","KY",4,"1"
1990,"M12","December","6.3","KY",4,"1"
1991,"M12","December","6.7","KY",4,"1"
1992,"M12","December","6.3","KY",4,"1"
1993,"M12","December","4.9","KY",4,"1"
1994,"M12","December","4.6","KY",4,"1"
1995,"M12","December","4.8","KY",4,"1"
1996,"M12","December","5.7","KY",4,"1"
1997,"M12","December","4.2","KY",4,"1"
1998,"M12","December","4.2","KY",4,"1"
1999,"M12","December","3.8","KY",4,"1"
2000,"M12","December","4.0","KY",4,"1"
2001,"M12","December","5.6","KY",4,"1"
2002,"M12","December","5.6","KY",4,"1"
2003,"M12","December","5.3","KY",4,"1"
2004,"M12","December","4.8","KY",4,"1"
2005,"M12","December","5.7","KY",4,"1"
2006,"M12","December","5.0","KY",4,"1"
2007,"M12","December","5.3","KY",4,"1"
2008,"M12","December","7.9","KY",4,"1"
2009,"M12","December","10.1","KY",4,"1"
2010,"M12","December","9.5","KY",4,"1"
2011,"M12","December","8.4","KY",4,"1"
2012,"M12","December","7.9","KY",4,"1"
2013,"M12","December","7.2","KY",4,"1"
2014,"M12","December","5.0","KY",4,"1"
2015,"M12","December","5.0","KY",4,"1"
2016,"M12","December","4.8","KY",4,"1"
2017,"M12","December","3.9","KY",4,"1"
2018,"M12","December","3.9","KY",4,"1"
2019,"M12","December","3.9","KY",4,"1"
1976,"M12","December","6.4","LA",4,"1"
1977,"M12","December","7.3","LA",4,"1"
1978,"M12","December","5.5","LA",4,"1"
1979,"M12","December","6.3","LA",4,"1"
1980,"M12","December","7.0","LA",4,"1"
1981,"M12","December","8.9","LA",4,"1"
1982,"M12","December","10.9","LA",4,"1"
1983,"M12","December","9.7","LA",4,"1"
1984,"M12","December","10.5","LA",4,"1"
1985,"M12","December","11.8","LA",4,"1"
1986,"M12","December","12.6","LA",4,"1"
1987,"M12","December","11.2","LA",4,"1"
1988,"M12","December","9.7","LA",4,"1"
1989,"M12","December","5.7","LA",4,"1"
1990,"M12","December","6.6","LA",4,"1"
1991,"M12","December","7.0","LA",4,"1"
1992,"M12","December","7.3","LA",4,"1"
1993,"M12","December","7.3","LA",4,"1"
1994,"M12","December","6.6","LA",4,"1"
1995,"M12","December","6.1","LA",4,"1"
1996,"M12","December","5.7","LA",4,"1"
1997,"M12","December","5.0","LA",4,"1"
1998,"M12","December","4.8","LA",4,"1"
1999,"M12","December","4.4","LA",4,"1"
2000,"M12","December","5.2","LA",4,"1"
2001,"M12","December","5.9","LA",4,"1"
2002,"M12","December","6.0","LA",4,"1"
2003,"M12","December","5.4","LA",4,"1"
2004,"M12","December","5.5","LA",4,"1"
2005,"M12","December","6.7","LA",4,"1"
2006,"M12","December","3.9","LA",4,"1"
2007,"M12","December","4.1","LA",4,"1"
2008,"M12","December","5.5","LA",4,"1"
2009,"M12","December","7.0","LA",4,"1"
2010,"M12","December","7.9","LA",4,"1"
2011,"M12","December","7.0","LA",4,"1"
2012,"M12","December","6.4","LA",4,"1"
2013,"M12","December","5.1","LA",4,"1"
2014,"M12","December","6.3","LA",4,"1"
2015,"M12","December","5.5","LA",4,"1"
2016,"M12","December","5.3","LA",4,"1"
2017,"M12","December","4.1","LA",4,"1"
2018,"M12","December","4.3","LA",4,"1"
2019,"M12","December","4.9","LA",4,"1"
1976,"M12","December","8.2","MA",4,"1"
1977,"M12","December","6.2","MA",4,"1"
1978,"M12","December","5.7","MA",4,"1"
1979,"M12","December","4.9","MA",4,"1"
1980,"M12","December","5.1","MA",4,"1"
1981,"M12","December","7.0","MA",4,"1"
1982,"M12","December","7.4","MA",4,"1"
1983,"M12","December","5.6","MA",4,"1"
1984,"M12","December","3.8","MA",4,"1"
1985,"M12","December","3.5","MA",4,"1"
1986,"M12","December","3.2","MA",4,"1"
1987,"M12","December","2.6","MA",4,"1"
1988,"M12","December","3.1","MA",4,"1"
1989,"M12","December","4.5","MA",4,"1"
1990,"M12","December","7.3","MA",4,"1"
1991,"M12","December","8.3","MA",4,"1"
1992,"M12","December","7.6","MA",4,"1"
1993,"M12","December","6.0","MA",4,"1"
1994,"M12","December","5.3","MA",4,"1"
1995,"M12","December","4.6","MA",4,"1"
1996,"M12","December","3.8","MA",4,"1"
1997,"M12","December","3.3","MA",4,"1"
1998,"M12","December","2.9","MA",4,"1"
1999,"M12","December","2.7","MA",4,"1"
2000,"M12","December","2.4","MA",4,"1"
2001,"M12","December","4.2","MA",4,"1"
2002,"M12","December","5.2","MA",4,"1"
2003,"M12","December","5.2","MA",4,"1"
2004,"M12","December","4.5","MA",4,"1"
2005,"M12","December","4.6","MA",4,"1"
2006,"M12","December","4.6","MA",4,"1"
2007,"M12","December","4.4","MA",4,"1"
2008,"M12","December","6.6","MA",4,"1"
2009,"M12","December","8.5","MA",4,"1"
2010,"M12","December","7.6","MA",4,"1"
2011,"M12","December","6.6","MA",4,"1"
2012,"M12","December","6.6","MA",4,"1"
2013,"M12","December","5.9","MA",4,"1"
2014,"M12","December","4.9","MA",4,"1"
2015,"M12","December","4.1","MA",4,"1"
2016,"M12","December","3.4","MA",4,"1"
2017,"M12","December","3.3","MA",4,"1"
2018,"M12","December","2.8","MA",4,"1"
2019,"M12","December","2.4","MA",4,"1"
1976,"M12","December","6.5","MD",4,"1"
1977,"M12","December","6.0","MD",4,"1"
1978,"M12","December","5.6","MD",4,"1"
1979,"M12","December","5.3","MD",4,"1"
1980,"M12","December","6.3","MD",4,"1"
1981,"M12","December","7.9","MD",4,"1"
1982,"M12","December","7.9","MD",4,"1"
1983,"M12","December","5.7","MD",4,"1"
1984,"M12","December","4.8","MD",4,"1"
1985,"M12","December","4.0","MD",4,"1"
1986,"M12","December","4.3","MD",4,"1"
1987,"M12","December","4.0","MD",4,"1"
1988,"M12","December","3.5","MD",4,"1"
1989,"M12","December","3.4","MD",4,"1"
1990,"M12","December","5.3","MD",4,"1"
1991,"M12","December","6.4","MD",4,"1"
1992,"M12","December","6.1","MD",4,"1"
1993,"M12","December","5.3","MD",4,"1"
1994,"M12","December","4.5","MD",4,"1"
1995,"M12","December","4.7","MD",4,"1"
1996,"M12","December","4.6","MD",4,"1"
1997,"M12","December","4.6","MD",4,"1"
1998,"M12","December","3.5","MD",4,"1"
1999,"M12","December","3.0","MD",4,"1"
2000,"M12","December","3.3","MD",4,"1"
2001,"M12","December","4.3","MD",4,"1"
2002,"M12","December","4.2","MD",4,"1"
2003,"M12","December","4.1","MD",4,"1"
2004,"M12","December","4.0","MD",4,"1"
2005,"M12","December","3.5","MD",4,"1"
2006,"M12","December","3.5","MD",4,"1"
2007,"M12","December","3.1","MD",4,"1"
2008,"M12","December","5.4","MD",4,"1"
2009,"M12","December","7.3","MD",4,"1"
2010,"M12","December","7.2","MD",4,"1"
2011,"M12","December","6.8","MD",4,"1"
2012,"M12","December","6.7","MD",4,"1"
2013,"M12","December","5.8","MD",4,"1"
2014,"M12","December","5.2","MD",4,"1"
2015,"M12","December","4.4","MD",4,"1"
2016,"M12","December","4.1","MD",4,"1"
2017,"M12","December","4.0","MD",4,"1"
2018,"M12","December","3.6","MD",4,"1"
2019,"M12","December","3.0","MD",4,"1"
1976,"M12","December","8.8","ME",4,"1"
1977,"M12","December","7.1","ME",4,"1"
1978,"M12","December","6.4","ME",4,"1"
1979,"M12","December","6.7","ME",4,"1"
1980,"M12","December","7.7","ME",4,"1"
1981,"M12","December","7.6","ME",4,"1"
1982,"M12","December","8.4","ME",4,"1"
1983,"M12","December","7.3","ME",4,"1"
1984,"M12","December","5.5","ME",4,"1"
1985,"M12","December","5.3","ME",4,"1"
1986,"M12","December","4.8","ME",4,"1"
1987,"M12","December","3.8","ME",4,"1"
1988,"M12","December","3.3","ME",4,"1"
1989,"M12","December","4.4","ME",4,"1"
1990,"M12","December","6.8","ME",4,"1"
1991,"M12","December","7.4","ME",4,"1"
1992,"M12","December","7.2","ME",4,"1"
1993,"M12","December","7.3","ME",4,"1"
1994,"M12","December","6.3","ME",4,"1"
1995,"M12","December","5.5","ME",4,"1"
1996,"M12","December","4.8","ME",4,"1"
1997,"M12","December","4.9","ME",4,"1"
1998,"M12","December","4.0","ME",4,"1"
1999,"M12","December","3.7","ME",4,"1"
2000,"M12","December","3.1","ME",4,"1"
2001,"M12","December","4.0","ME",4,"1"
2002,"M12","December","4.6","ME",4,"1"
2003,"M12","December","4.8","ME",4,"1"
2004,"M12","December","4.7","ME",4,"1"
2005,"M12","December","4.5","ME",4,"1"
2006,"M12","December","4.4","ME",4,"1"
2007,"M12","December","4.7","ME",4,"1"
2008,"M12","December","6.8","ME",4,"1"
2009,"M12","December","8.1","ME",4,"1"
2010,"M12","December","8.0","ME",4,"1"
2011,"M12","December","7.6","ME",4,"1"
2012,"M12","December","7.1","ME",4,"1"
2013,"M12","December","6.1","ME",4,"1"
2014,"M12","December","4.9","ME",4,"1"
2015,"M12","December","3.8","ME",4,"1"
2016,"M12","December","3.4","ME",4,"1"
2017,"M12","December","3.0","ME",4,"1"
2018,"M12","December","3.1","ME",4,"1"
2019,"M12","December","2.9","ME",4,"1"
1976,"M12","December","8.4","MI",4,"1"
1977,"M12","December","6.7","MI",4,"1"
1978,"M12","December","6.9","MI",4,"1"
1979,"M12","December","8.6","MI",4,"1"
1980,"M12","December","11.7","MI",4,"1"
1981,"M12","December","14.2","MI",4,"1"
1982,"M12","December","16.7","MI",4,"1"
1983,"M12","December","12.1","MI",4,"1"
1984,"M12","December","10.5","MI",4,"1"
1985,"M12","December","8.4","MI",4,"1"
1986,"M12","December","7.8","MI",4,"1"
1987,"M12","December","7.8","MI",4,"1"
1988,"M12","December","6.8","MI",4,"1"
1989,"M12","December","7.3","MI",4,"1"
1990,"M12","December","8.0","MI",4,"1"
1991,"M12","December","8.9","MI",4,"1"
1992,"M12","December","7.6","MI",4,"1"
1993,"M12","December","6.6","MI",4,"1"
1994,"M12","December","4.5","MI",4,"1"
1995,"M12","December","4.4","MI",4,"1"
1996,"M12","December","4.5","MI",4,"1"
1997,"M12","December","3.8","MI",4,"1"
1998,"M12","December","3.7","MI",4,"1"
1999,"M12","December","3.2","MI",4,"1"
2000,"M12","December","3.7","MI",4,"1"
2001,"M12","December","6.0","MI",4,"1"
2002,"M12","December","6.1","MI",4,"1"
2003,"M12","December","6.4","MI",4,"1"
2004,"M12","December","7.0","MI",4,"1"
2005,"M12","December","6.4","MI",4,"1"
2006,"M12","December","6.7","MI",4,"1"
2007,"M12","December","7.1","MI",4,"1"
2008,"M12","December","9.2","MI",4,"1"
2009,"M12","December","13.5","MI",4,"1"
2010,"M12","December","10.9","MI",4,"1"
2011,"M12","December","9.0","MI",4,"1"
2012,"M12","December","8.7","MI",4,"1"
2013,"M12","December","7.5","MI",4,"1"
2014,"M12","December","5.6","MI",4,"1"
2015,"M12","December","4.6","MI",4,"1"
2016,"M12","December","4.6","MI",4,"1"
2017,"M12","December","4.4","MI",4,"1"
2018,"M12","December","4.0","MI",4,"1"
2019,"M12","December","3.6","MI",4,"1"
1976,"M12","December","5.8","MN",4,"1"
1977,"M12","December","4.3","MN",4,"1"
1978,"M12","December","3.9","MN",4,"1"
1979,"M12","December","4.7","MN",4,"1"
1980,"M12","December","5.6","MN",4,"1"
1981,"M12","December","6.5","MN",4,"1"
1982,"M12","December","8.9","MN",4,"1"
1983,"M12","December","7.1","MN",4,"1"
1984,"M12","December","6.0","MN",4,"1"
1985,"M12","December","6.0","MN",4,"1"
1986,"M12","December","4.8","MN",4,"1"
1987,"M12","December","4.3","MN",4,"1"
1988,"M12","December","4.0","MN",4,"1"
1989,"M12","December","4.5","MN",4,"1"
1990,"M12","December","4.9","MN",4,"1"
1991,"M12","December","4.9","MN",4,"1"
1992,"M12","December","4.9","MN",4,"1"
1993,"M12","December","4.3","MN",4,"1"
1994,"M12","December","3.7","MN",4,"1"
1995,"M12","December","3.7","MN",4,"1"
1996,"M12","December","3.6","MN",4,"1"
1997,"M12","December","2.7","MN",4,"1"
1998,"M12","December","2.5","MN",4,"1"
1999,"M12","December","2.7","MN",4,"1"
2000,"M12","December","3.1","MN",4,"1"
2001,"M12","December","4.3","MN",4,"1"
2002,"M12","December","4.3","MN",4,"1"
2003,"M12","December","4.8","MN",4,"1"
2004,"M12","December","4.2","MN",4,"1"
2005,"M12","December","4.0","MN",4,"1"
2006,"M12","December","4.2","MN",4,"1"
2007,"M12","December","4.8","MN",4,"1"
2008,"M12","December","6.6","MN",4,"1"
2009,"M12","December","7.5","MN",4,"1"
2010,"M12","December","7.0","MN",4,"1"
2011,"M12","December","5.7","MN",4,"1"
2012,"M12","December","5.3","MN",4,"1"
2013,"M12","December","4.5","MN",4,"1"
2014,"M12","December","3.8","MN",4,"1"
2015,"M12","December","3.7","MN",4,"1"
2016,"M12","December","4.0","MN",4,"1"
2017,"M12","December","3.2","MN",4,"1"
2018,"M12","December","3.3","MN",4,"1"
2019,"M12","December","3.5","MN",4,"1"
1976,"M12","December","6.7","MO",4,"1"
1977,"M12","December","5.2","MO",4,"1"
1978,"M12","December","4.3","MO",4,"1"
1979,"M12","December","5.5","MO",4,"1"
1980,"M12","December","7.3","MO",4,"1"
1981,"M12","December","8.6","MO",4,"1"
1982,"M12","December","10.7","MO",4,"1"
1983,"M12","December","8.6","MO",4,"1"
1984,"M12","December","6.6","MO",4,"1"
1985,"M12","December","5.7","MO",4,"1"
1986,"M12","December","5.5","MO",4,"1"
1987,"M12","December","5.1","MO",4,"1"
1988,"M12","December","5.6","MO",4,"1"
1989,"M12","December","5.2","MO",4,"1"
1990,"M12","December","6.5","MO",4,"1"
1991,"M12","December","5.9","MO",4,"1"
1992,"M12","December","5.9","MO",4,"1"
1993,"M12","December","5.3","MO",4,"1"
1994,"M12","December","4.5","MO",4,"1"
1995,"M12","December","4.0","MO",4,"1"
1996,"M12","December","4.6","MO",4,"1"
1997,"M12","December","4.0","MO",4,"1"
1998,"M12","December","3.2","MO",4,"1"
1999,"M12","December","2.8","MO",4,"1"
2000,"M12","December","4.0","MO",4,"1"
2001,"M12","December","4.9","MO",4,"1"
2002,"M12","December","5.2","MO",4,"1"
2003,"M12","December","5.1","MO",4,"1"
2004,"M12","December","5.7","MO",4,"1"
2005,"M12","December","4.6","MO",4,"1"
2006,"M12","December","4.6","MO",4,"1"
2007,"M12","December","5.4","MO",4,"1"
2008,"M12","December","7.4","MO",4,"1"
2009,"M12","December","9.4","MO",4,"1"
2010,"M12","December","9.2","MO",4,"1"
2011,"M12","December","7.3","MO",4,"1"
2012,"M12","December","6.6","MO",4,"1"
2013,"M12","December","6.1","MO",4,"1"
2014,"M12","December","5.1","MO",4,"1"
2015,"M12","December","4.1","MO",4,"1"
2016,"M12","December","3.9","MO",4,"1"
2017,"M12","December","3.3","MO",4,"1"
2018,"M12","December","3.0","MO",4,"1"
2019,"M12","December","3.4","MO",4,"1"
1976,"M12","December","6.2","MS",4,"1"
1977,"M12","December","6.4","MS",4,"1"
1978,"M12","December","6.0","MS",4,"1"
1979,"M12","December","5.3","MS",4,"1"
1980,"M12","December","7.4","MS",4,"1"
1981,"M12","December","8.4","MS",4,"1"
1982,"M12","December","11.3","MS",4,"1"
1983,"M12","December","9.8","MS",4,"1"
1984,"M12","December","9.4","MS",4,"1"
1985,"M12","December","9.9","MS",4,"1"
1986,"M12","December","10.6","MS",4,"1"
1987,"M12","December","8.2","MS",4,"1"
1988,"M12","December","8.1","MS",4,"1"
1989,"M12","December","7.0","MS",4,"1"
1990,"M12","December","7.9","MS",4,"1"
1991,"M12","December","7.4","MS",4,"1"
1992,"M12","December","6.7","MS",4,"1"
1993,"M12","December","5.6","MS",4,"1"
1994,"M12","December","5.3","MS",4,"1"
1995,"M12","December","5.7","MS",4,"1"
1996,"M12","December","5.4","MS",4,"1"
1997,"M12","December","4.9","MS",4,"1"
1998,"M12","December","4.7","MS",4,"1"
1999,"M12","December","5.1","MS",4,"1"
2000,"M12","December","4.7","MS",4,"1"
2001,"M12","December","6.5","MS",4,"1"
2002,"M12","December","6.6","MS",4,"1"
2003,"M12","December","5.6","MS",4,"1"
2004,"M12","December","6.7","MS",4,"1"
2005,"M12","December","7.9","MS",4,"1"
2006,"M12","December","6.3","MS",4,"1"
2007,"M12","December","6.1","MS",4,"1"
2008,"M12","December","7.6","MS",4,"1"
2009,"M12","December","10.7","MS",4,"1"
2010,"M12","December","10.3","MS",4,"1"
2011,"M12","December","9.4","MS",4,"1"
2012,"M12","December","8.9","MS",4,"1"
2013,"M12","December","7.7","MS",4,"1"
2014,"M12","December","6.7","MS",4,"1"
2015,"M12","December","6.1","MS",4,"1"
2016,"M12","December","5.2","MS",4,"1"
2017,"M12","December","4.5","MS",4,"1"
2018,"M12","December","4.8","MS",4,"1"
2019,"M12","December","5.2","MS",4,"1"
1976,"M12","December","6.2","MT",4,"1"
1977,"M12","December","6.7","MT",4,"1"
1978,"M12","December","5.2","MT",4,"1"
1979,"M12","December","5.3","MT",4,"1"
1980,"M12","December","6.4","MT",4,"1"
1981,"M12","December","7.7","MT",4,"1"
1982,"M12","December","8.9","MT",4,"1"
1983,"M12","December","8.3","MT",4,"1"
1984,"M12","December","7.3","MT",4,"1"
1985,"M12","December","8.2","MT",4,"1"
1986,"M12","December","8.0","MT",4,"1"
1987,"M12","December","7.4","MT",4,"1"
1988,"M12","December","6.1","MT",4,"1"
1989,"M12","December","5.6","MT",4,"1"
1990,"M12","December","6.8","MT",4,"1"
1991,"M12","December","7.2","MT",4,"1"
1992,"M12","December","6.6","MT",4,"1"
1993,"M12","December","5.6","MT",4,"1"
1994,"M12","December","5.6","MT",4,"1"
1995,"M12","December","5.8","MT",4,"1"
1996,"M12","December","5.2","MT",4,"1"
1997,"M12","December","5.6","MT",4,"1"
1998,"M12","December","5.7","MT",4,"1"
1999,"M12","December","5.2","MT",4,"1"
2000,"M12","December","4.8","MT",4,"1"
2001,"M12","December","4.6","MT",4,"1"
2002,"M12","December","4.6","MT",4,"1"
2003,"M12","December","5.0","MT",4,"1"
2004,"M12","December","4.6","MT",4,"1"
2005,"M12","December","4.1","MT",4,"1"
2006,"M12","December","3.1","MT",4,"1"
2007,"M12","December","4.2","MT",4,"1"
2008,"M12","December","6.2","MT",4,"1"
2009,"M12","December","7.4","MT",4,"1"
2010,"M12","December","7.6","MT",4,"1"
2011,"M12","December","6.5","MT",4,"1"
2012,"M12","December","5.8","MT",4,"1"
2013,"M12","December","5.3","MT",4,"1"
2014,"M12","December","4.5","MT",4,"1"
2015,"M12","December","4.4","MT",4,"1"
2016,"M12","December","4.3","MT",4,"1"
2017,"M12","December","4.0","MT",4,"1"
2018,"M12","December","3.7","MT",4,"1"
2019,"M12","December","3.6","MT",4,"1"
1976,"M12","December","6.1","NC",4,"1"
1977,"M12","December","4.5","NC",4,"1"
1978,"M12","December","4.3","NC",4,"1"
1979,"M12","December","4.6","NC",4,"1"
1980,"M12","December","5.7","NC",4,"1"
1981,"M12","December","8.1","NC",4,"1"
1982,"M12","December","9.6","NC",4,"1"
1983,"M12","December","7.1","NC",4,"1"
1984,"M12","December","6.3","NC",4,"1"
1985,"M12","December","4.7","NC",4,"1"
1986,"M12","December","4.7","NC",4,"1"
1987,"M12","December","3.9","NC",4,"1"
1988,"M12","December","3.3","NC",4,"1"
1989,"M12","December","3.1","NC",4,"1"
1990,"M12","December","4.9","NC",4,"1"
1991,"M12","December","5.7","NC",4,"1"
1992,"M12","December","5.5","NC",4,"1"
1993,"M12","December","4.0","NC",4,"1"
1994,"M12","December","3.5","NC",4,"1"
1995,"M12","December","4.2","NC",4,"1"
1996,"M12","December","3.6","NC",4,"1"
1997,"M12","December","3.4","NC",4,"1"
1998,"M12","December","2.7","NC",4,"1"
1999,"M12","December","3.0","NC",4,"1"
2000,"M12","December","3.9","NC",4,"1"
2001,"M12","December","6.5","NC",4,"1"
2002,"M12","December","6.5","NC",4,"1"
2003,"M12","December","5.6","NC",4,"1"
2004,"M12","December","5.2","NC",4,"1"
2005,"M12","December","4.5","NC",4,"1"
2006,"M12","December","4.5","NC",4,"1"
2007,"M12","December","4.9","NC",4,"1"
2008,"M12","December","8.7","NC",4,"1"
2009,"M12","December","11.0","NC",4,"1"
2010,"M12","December","10.3","NC",4,"1"
2011,"M12","December","9.7","NC",4,"1"
2012,"M12","December","9.0","NC",4,"1"
2013,"M12","December","6.6","NC",4,"1"
2014,"M12","December","5.4","NC",4,"1"
2015,"M12","December","5.2","NC",4,"1"
2016,"M12","December","4.8","NC",4,"1"
2017,"M12","December","4.1","NC",4,"1"
2018,"M12","December","3.9","NC",4,"1"
2019,"M12","December","3.3","NC",4,"1"
1976,"M12","December","4.3","ND",4,"1"
1977,"M12","December","4.6","ND",4,"1"
1978,"M12","December","4.5","ND",4,"1"
1979,"M12","December","4.0","ND",4,"1"
1980,"M12","December","5.2","ND",4,"1"
1981,"M12","December","4.9","ND",4,"1"
1982,"M12","December","6.1","ND",4,"1"
1983,"M12","December","5.2","ND",4,"1"
1984,"M12","December","5.6","ND",4,"1"
1985,"M12","December","5.9","ND",4,"1"
1986,"M12","December","5.6","ND",4,"1"
1987,"M12","December","5.0","ND",4,"1"
1988,"M12","December","4.6","ND",4,"1"
1989,"M12","December","4.2","ND",4,"1"
1990,"M12","December","3.9","ND",4,"1"
1991,"M12","December","4.6","ND",4,"1"
1992,"M12","December","4.6","ND",4,"1"
1993,"M12","December","4.1","ND",4,"1"
1994,"M12","December","3.5","ND",4,"1"
1995,"M12","December","3.0","ND",4,"1"
1996,"M12","December","2.9","ND",4,"1"
1997,"M12","December","2.5","ND",4,"1"
1998,"M12","December","3.3","ND",4,"1"
1999,"M12","December","3.1","ND",4,"1"
2000,"M12","December","2.9","ND",4,"1"
2001,"M12","December","3.4","ND",4,"1"
2002,"M12","December","3.8","ND",4,"1"
2003,"M12","December","3.5","ND",4,"1"
2004,"M12","December","3.6","ND",4,"1"
2005,"M12","December","3.3","ND",4,"1"
2006,"M12","December","3.1","ND",4,"1"
2007,"M12","December","3.2","ND",4,"1"
2008,"M12","December","3.5","ND",4,"1"
2009,"M12","December","4.1","ND",4,"1"
2010,"M12","December","3.7","ND",4,"1"
2011,"M12","December","3.3","ND",4,"1"
2012,"M12","December","3.1","ND",4,"1"
2013,"M12","December","2.8","ND",4,"1"
2014,"M12","December","2.6","ND",4,"1"
2015,"M12","December","2.9","ND",4,"1"
2016,"M12","December","2.9","ND",4,"1"
2017,"M12","December","2.7","ND",4,"1"
2018,"M12","December","2.3","ND",4,"1"
2019,"M12","December","2.2","ND",4,"1"
1976,"M12","December","3.1","NE",4,"1"
1977,"M12","December","3.3","NE",4,"1"
1978,"M12","December","2.8","NE",4,"1"
1979,"M12","December","3.0","NE",4,"1"
1980,"M12","December","4.0","NE",4,"1"
1981,"M12","December","4.7","NE",4,"1"
1982,"M12","December","6.0","NE",4,"1"
1983,"M12","December","4.9","NE",4,"1"
1984,"M12","December","4.2","NE",4,"1"
1985,"M12","December","5.5","NE",4,"1"
1986,"M12","December","4.7","NE",4,"1"
1987,"M12","December","3.8","NE",4,"1"
1988,"M12","December","3.0","NE",4,"1"
1989,"M12","December","2.6","NE",4,"1"
1990,"M12","December","2.2","NE",4,"1"
1991,"M12","December","2.6","NE",4,"1"
1992,"M12","December","2.6","NE",4,"1"
1993,"M12","December","2.4","NE",4,"1"
1994,"M12","December","2.4","NE",4,"1"
1995,"M12","December","2.6","NE",4,"1"
1996,"M12","December","2.4","NE",4,"1"
1997,"M12","December","2.2","NE",4,"1"
1998,"M12","December","2.6","NE",4,"1"
1999,"M12","December","2.6","NE",4,"1"
2000,"M12","December","2.6","NE",4,"1"
2001,"M12","December","3.2","NE",4,"1"
2002,"M12","December","3.5","NE",4,"1"
2003,"M12","December","3.6","NE",4,"1"
2004,"M12","December","3.7","NE",4,"1"
2005,"M12","December","3.6","NE",4,"1"
2006,"M12","December","2.9","NE",4,"1"
2007,"M12","December","2.6","NE",4,"1"
2008,"M12","December","3.7","NE",4,"1"
2009,"M12","December","4.7","NE",4,"1"
2010,"M12","December","4.3","NE",4,"1"
2011,"M12","December","4.2","NE",4,"1"
2012,"M12","December","3.9","NE",4,"1"
2013,"M12","December","3.4","NE",4,"1"
2014,"M12","December","2.8","NE",4,"1"
2015,"M12","December","2.8","NE",4,"1"
2016,"M12","December","2.9","NE",4,"1"
2017,"M12","December","2.7","NE",4,"1"
2018,"M12","December","2.8","NE",4,"1"
2019,"M12","December","2.7","NE",4,"1"
1976,"M12","December","5.7","NH",4,"1"
1977,"M12","December","4.0","NH",4,"1"
1978,"M12","December","2.8","NH",4,"1"
1979,"M12","December","3.0","NH",4,"1"
1980,"M12","December","4.4","NH",4,"1"
1981,"M12","December","5.5","NH",4,"1"
1982,"M12","December","6.4","NH",4,"1"
1983,"M12","December","4.2","NH",4,"1"
1984,"M12","December","3.9","NH",4,"1"
1985,"M12","December","2.8","NH",4,"1"
1986,"M12","December","2.1","NH",4,"1"
1987,"M12","December","1.9","NH",4,"1"
1988,"M12","December","2.2","NH",4,"1"
1989,"M12","December","4.4","NH",4,"1"
1990,"M12","December","6.4","NH",4,"1"
1991,"M12","December","7.1","NH",4,"1"
1992,"M12","December","6.7","NH",4,"1"
1993,"M12","December","5.3","NH",4,"1"
1994,"M12","December","4.0","NH",4,"1"
1995,"M12","December","3.4","NH",4,"1"
1996,"M12","December","3.3","NH",4,"1"
1997,"M12","December","2.7","NH",4,"1"
1998,"M12","December","2.6","NH",4,"1"
1999,"M12","December","2.4","NH",4,"1"
2000,"M12","December","2.4","NH",4,"1"
2001,"M12","December","3.9","NH",4,"1"
2002,"M12","December","4.2","NH",4,"1"
2003,"M12","December","3.9","NH",4,"1"
2004,"M12","December","3.3","NH",4,"1"
2005,"M12","December","3.2","NH",4,"1"
2006,"M12","December","3.4","NH",4,"1"
2007,"M12","December","3.2","NH",4,"1"
2008,"M12","December","4.5","NH",4,"1"
2009,"M12","December","6.0","NH",4,"1"
2010,"M12","December","5.3","NH",4,"1"
2011,"M12","December","5.2","NH",4,"1"
2012,"M12","December","5.3","NH",4,"1"
2013,"M12","December","4.5","NH",4,"1"
2014,"M12","December","3.6","NH",4,"1"
2015,"M12","December","2.7","NH",4,"1"
2016,"M12","December","2.6","NH",4,"1"
2017,"M12","December","2.4","NH",4,"1"
2018,"M12","December","2.2","NH",4,"1"
2019,"M12","December","2.3","NH",4,"1"
1976,"M12","December","10.2","NJ",4,"1"
1977,"M12","December","7.4","NJ",4,"1"
1978,"M12","December","6.8","NJ",4,"1"
1979,"M12","December","6.2","NJ",4,"1"
1980,"M12","December","6.9","NJ",4,"1"
1981,"M12","December","7.6","NJ",4,"1"
1982,"M12","December","8.8","NJ",4,"1"
1983,"M12","December","6.6","NJ",4,"1"
1984,"M12","December","5.4","NJ",4,"1"
1985,"M12","December","5.2","NJ",4,"1"
1986,"M12","December","3.8","NJ",4,"1"
1987,"M12","December","3.4","NJ",4,"1"
1988,"M12","December","3.6","NJ",4,"1"
1989,"M12","December","4.2","NJ",4,"1"
1990,"M12","December","5.7","NJ",4,"1"
1991,"M12","December","7.1","NJ",4,"1"
1992,"M12","December","8.0","NJ",4,"1"
1993,"M12","December","6.6","NJ",4,"1"
1994,"M12","December","5.8","NJ",4,"1"
1995,"M12","December","6.0","NJ",4,"1"
1996,"M12","December","5.6","NJ",4,"1"
1997,"M12","December","4.5","NJ",4,"1"
1998,"M12","December","3.9","NJ",4,"1"
1999,"M12","December","3.5","NJ",4,"1"
2000,"M12","December","3.3","NJ",4,"1"
2001,"M12","December","5.0","NJ",4,"1"
2002,"M12","December","5.6","NJ",4,"1"
2003,"M12","December","5.0","NJ",4,"1"
2004,"M12","December","3.9","NJ",4,"1"
2005,"M12","December","4.6","NJ",4,"1"
2006,"M12","December","3.9","NJ",4,"1"
2007,"M12","December","4.3","NJ",4,"1"
2008,"M12","December","6.6","NJ",4,"1"
2009,"M12","December","9.5","NJ",4,"1"
2010,"M12","December","9.1","NJ",4,"1"
2011,"M12","December","8.9","NJ",4,"1"
2012,"M12","December","8.9","NJ",4,"1"
2013,"M12","December","6.7","NJ",4,"1"
2014,"M12","December","6.0","NJ",4,"1"
2015,"M12","December","4.6","NJ",4,"1"
2016,"M12","December","4.3","NJ",4,"1"
2017,"M12","December","4.1","NJ",4,"1"
2018,"M12","December","3.5","NJ",4,"1"
2019,"M12","December","3.6","NJ",4,"1"
1976,"M12","December","8.1","NM",4,"1"
1977,"M12","December","5.9","NM",4,"1"
1978,"M12","December","5.7","NM",4,"1"
1979,"M12","December","6.3","NM",4,"1"
1980,"M12","December","7.3","NM",4,"1"
1981,"M12","December","6.8","NM",4,"1"
1982,"M12","December","9.6","NM",4,"1"
1983,"M12","December","7.7","NM",4,"1"
1984,"M12","December","7.6","NM",4,"1"
1985,"M12","December","7.8","NM",4,"1"
1986,"M12","December","8.8","NM",4,"1"
1987,"M12","December","7.6","NM",4,"1"
1988,"M12","December","6.3","NM",4,"1"
1989,"M12","December","6.0","NM",4,"1"
1990,"M12","December","6.3","NM",4,"1"
1991,"M12","December","6.8","NM",4,"1"
1992,"M12","December","6.6","NM",4,"1"
1993,"M12","December","6.3","NM",4,"1"
1994,"M12","December","5.9","NM",4,"1"
1995,"M12","December","6.6","NM",4,"1"
1996,"M12","December","6.5","NM",4,"1"
1997,"M12","December","5.6","NM",4,"1"
1998,"M12","December","5.4","NM",4,"1"
1999,"M12","December","4.8","NM",4,"1"
2000,"M12","December","4.4","NM",4,"1"
2001,"M12","December","4.8","NM",4,"1"
2002,"M12","December","5.2","NM",4,"1"
2003,"M12","December","5.4","NM",4,"1"
2004,"M12","December","5.0","NM",4,"1"
2005,"M12","December","4.2","NM",4,"1"
2006,"M12","December","3.4","NM",4,"1"
2007,"M12","December","3.5","NM",4,"1"
2008,"M12","December","5.2","NM",4,"1"
2009,"M12","December","7.4","NM",4,"1"
2010,"M12","December","7.3","NM",4,"1"
2011,"M12","December","7.2","NM",4,"1"
2012,"M12","December","6.8","NM",4,"1"
2013,"M12","December","6.5","NM",4,"1"
2014,"M12","December","5.9","NM",4,"1"
2015,"M12","December","6.2","NM",4,"1"
2016,"M12","December","6.1","NM",4,"1"
2017,"M12","December","5.0","NM",4,"1"
2018,"M12","December","4.7","NM",4,"1"
2019,"M12","December","4.5","NM",4,"1"
1976,"M12","December","8.5","NV",4,"1"
1977,"M12","December","4.7","NV",4,"1"
1978,"M12","December","4.5","NV",4,"1"
1979,"M12","December","4.4","NV",4,"1"
1980,"M12","December","6.9","NV",4,"1"
1981,"M12","December","8.2","NV",4,"1"
1982,"M12","December","10.8","NV",4,"1"
1983,"M12","December","8.0","NV",4,"1"
1984,"M12","December","7.9","NV",4,"1"
1985,"M12","December","7.1","NV",4,"1"
1986,"M12","December","5.7","NV",4,"1"
1987,"M12","December","5.7","NV",4,"1"
1988,"M12","December","4.5","NV",4,"1"
1989,"M12","December","4.5","NV",4,"1"
1990,"M12","December","5.1","NV",4,"1"
1991,"M12","December","6.0","NV",4,"1"
1992,"M12","December","6.5","NV",4,"1"
1993,"M12","December","6.3","NV",4,"1"
1994,"M12","December","5.6","NV",4,"1"
1995,"M12","December","5.1","NV",4,"1"
1996,"M12","December","4.5","NV",4,"1"
1997,"M12","December","4.2","NV",4,"1"
1998,"M12","December","3.7","NV",4,"1"
1999,"M12","December","3.7","NV",4,"1"
2000,"M12","December","4.4","NV",4,"1"
2001,"M12","December","6.1","NV",4,"1"
2002,"M12","December","5.3","NV",4,"1"
2003,"M12","December","4.5","NV",4,"1"
2004,"M12","December","4.0","NV",4,"1"
2005,"M12","December","3.7","NV",4,"1"
2006,"M12","December","4.0","NV",4,"1"
2007,"M12","December","4.9","NV",4,"1"
2008,"M12","December","9.0","NV",4,"1"
2009,"M12","December","12.5","NV",4,"1"
2010,"M12","December","13.6","NV",4,"1"
2011,"M12","December","12.3","NV",4,"1"
2012,"M12","December","10.4","NV",4,"1"
2013,"M12","December","8.6","NV",4,"1"
2014,"M12","December","7.1","NV",4,"1"
2015,"M12","December","6.1","NV",4,"1"
2016,"M12","December","5.1","NV",4,"1"
2017,"M12","December","4.7","NV",4,"1"
2018,"M12","December","4.1","NV",4,"1"
2019,"M12","December","3.4","NV",4,"1"
1976,"M12","December","10.0","NY",4,"1"
1977,"M12","December","8.0","NY",4,"1"
1978,"M12","December","7.1","NY",4,"1"
1979,"M12","December","6.9","NY",4,"1"
1980,"M12","December","7.2","NY",4,"1"
1981,"M12","December","7.8","NY",4,"1"
1982,"M12","December","9.1","NY",4,"1"
1983,"M12","December","7.4","NY",4,"1"
1984,"M12","December","6.5","NY",4,"1"
1985,"M12","December","6.2","NY",4,"1"
1986,"M12","December","5.2","NY",4,"1"
1987,"M12","December","4.3","NY",4,"1"
1988,"M12","December","4.5","NY",4,"1"
1989,"M12","December","5.1","NY",4,"1"
1990,"M12","December","5.8","NY",4,"1"
1991,"M12","December","7.8","NY",4,"1"
1992,"M12","December","8.3","NY",4,"1"
1993,"M12","December","7.4","NY",4,"1"
1994,"M12","December","5.8","NY",4,"1"
1995,"M12","December","6.0","NY",4,"1"
1996,"M12","December","6.1","NY",4,"1"
1997,"M12","December","5.8","NY",4,"1"
1998,"M12","December","5.1","NY",4,"1"
1999,"M12","December","4.5","NY",4,"1"
2000,"M12","December","4.1","NY",4,"1"
2001,"M12","December","5.9","NY",4,"1"
2002,"M12","December","6.3","NY",4,"1"
2003,"M12","December","6.1","NY",4,"1"
2004,"M12","December","5.2","NY",4,"1"
2005,"M12","December","4.7","NY",4,"1"
2006,"M12","December","4.0","NY",4,"1"
2007,"M12","December","4.8","NY",4,"1"
2008,"M12","December","6.5","NY",4,"1"
2009,"M12","December","8.8","NY",4,"1"
2010,"M12","December","8.2","NY",4,"1"
2011,"M12","December","8.4","NY",4,"1"
2012,"M12","December","8.1","NY",4,"1"
2013,"M12","December","6.7","NY",4,"1"
2014,"M12","December","5.5","NY",4,"1"
2015,"M12","December","4.8","NY",4,"1"
2016,"M12","December","4.6","NY",4,"1"
2017,"M12","December","4.4","NY",4,"1"
2018,"M12","December","4.0","NY",4,"1"
2019,"M12","December","3.7","NY",4,"1"
1976,"M12","December","7.3","OH",4,"1"
1977,"M12","December","5.4","OH",4,"1"
1978,"M12","December","5.3","OH",4,"1"
1979,"M12","December","5.7","OH",4,"1"
1980,"M12","December","8.5","OH",4,"1"
1981,"M12","December","11.1","OH",4,"1"
1982,"M12","December","14.2","OH",4,"1"
1983,"M12","December","10.3","OH",4,"1"
1984,"M12","December","8.9","OH",4,"1"
1985,"M12","December","8.4","OH",4,"1"
1986,"M12","December","7.7","OH",4,"1"
1987,"M12","December","6.1","OH",4,"1"
1988,"M12","December","5.5","OH",4,"1"
1989,"M12","December","5.9","OH",4,"1"
1990,"M12","December","5.9","OH",4,"1"
1991,"M12","December","6.5","OH",4,"1"
1992,"M12","December","7.1","OH",4,"1"
1993,"M12","December","6.1","OH",4,"1"
1994,"M12","December","4.1","OH",4,"1"
1995,"M12","December","4.9","OH",4,"1"
1996,"M12","December","4.9","OH",4,"1"
1997,"M12","December","4.3","OH",4,"1"
1998,"M12","December","4.0","OH",4,"1"
1999,"M12","December","3.9","OH",4,"1"
2000,"M12","December","3.4","OH",4,"1"
2001,"M12","December","5.1","OH",4,"1"
2002,"M12","December","5.6","OH",4,"1"
2003,"M12","December","5.7","OH",4,"1"
2004,"M12","December","6.0","OH",4,"1"
2005,"M12","December","5.4","OH",4,"1"
2006,"M12","December","5.2","OH",4,"1"
2007,"M12","December","5.6","OH",4,"1"
2008,"M12","December","7.7","OH",4,"1"
2009,"M12","December","10.8","OH",4,"1"
2010,"M12","December","9.2","OH",4,"1"
2011,"M12","December","7.7","OH",4,"1"
2012,"M12","December","7.3","OH",4,"1"
2013,"M12","December","6.4","OH",4,"1"
2014,"M12","December","4.9","OH",4,"1"
2015,"M12","December","4.8","OH",4,"1"
2016,"M12","December","5.0","OH",4,"1"
2017,"M12","December","4.4","OH",4,"1"
2018,"M12","December","4.4","OH",4,"1"
2019,"M12","December","3.8","OH",4,"1"
1976,"M12","December","5.3","OK",4,"1"
1977,"M12","December","3.9","OK",4,"1"
1978,"M12","December","3.5","OK",4,"1"
1979,"M12","December","3.3","OK",4,"1"
1980,"M12","December","4.1","OK",4,"1"
1981,"M12","December","4.4","OK",4,"1"
1982,"M12","December","8.2","OK",4,"1"
1983,"M12","December","7.4","OK",4,"1"
1984,"M12","December","6.7","OK",4,"1"
1985,"M12","December","7.2","OK",4,"1"
1986,"M12","December","7.9","OK",4,"1"
1987,"M12","December","6.5","OK",4,"1"
1988,"M12","December","6.0","OK",4,"1"
1989,"M12","December","5.4","OK",4,"1"
1990,"M12","December","6.3","OK",4,"1"
1991,"M12","December","6.2","OK",4,"1"
1992,"M12","December","5.7","OK",4,"1"
1993,"M12","December","5.6","OK",4,"1"
1994,"M12","December","4.8","OK",4,"1"
1995,"M12","December","4.0","OK",4,"1"
1996,"M12","December","3.9","OK",4,"1"
1997,"M12","December","3.7","OK",4,"1"
1998,"M12","December","3.9","OK",4,"1"
1999,"M12","December","3.1","OK",4,"1"
2000,"M12","December","2.6","OK",4,"1"
2001,"M12","December","4.4","OK",4,"1"
2002,"M12","December","5.0","OK",4,"1"
2003,"M12","December","5.1","OK",4,"1"
2004,"M12","December","4.5","OK",4,"1"
2005,"M12","December","4.1","OK",4,"1"
2006,"M12","December","4.0","OK",4,"1"
2007,"M12","December","3.6","OK",4,"1"
2008,"M12","December","4.5","OK",4,"1"
2009,"M12","December","6.7","OK",4,"1"
2010,"M12","December","6.3","OK",4,"1"
2011,"M12","December","5.6","OK",4,"1"
2012,"M12","December","5.2","OK",4,"1"
2013,"M12","December","4.9","OK",4,"1"
2014,"M12","December","3.9","OK",4,"1"
2015,"M12","December","4.3","OK",4,"1"
2016,"M12","December","4.5","OK",4,"1"
2017,"M12","December","3.8","OK",4,"1"
2018,"M12","December","3.1","OK",4,"1"
2019,"M12","December","3.2","OK",4,"1"
1976,"M12","December","8.7","OR",4,"1"
1977,"M12","December","5.5","OR",4,"1"
1978,"M12","December","6.3","OR",4,"1"
1979,"M12","December","6.1","OR",4,"1"
1980,"M12","December","8.6","OR",4,"1"
1981,"M12","December","11.3","OR",4,"1"
1982,"M12","December","11.8","OR",4,"1"
1983,"M12","December","10.0","OR",4,"1"
1984,"M12","December","9.5","OR",4,"1"
1985,"M12","December","8.2","OR",4,"1"
1986,"M12","December","6.3","OR",4,"1"
1987,"M12","December","5.7","OR",4,"1"
1988,"M12","December","5.0","OR",4,"1"
1989,"M12","December","4.9","OR",4,"1"
1990,"M12","December","5.6","OR",4,"1"
1991,"M12","December","7.0","OR",4,"1"
1992,"M12","December","7.2","OR",4,"1"
1993,"M12","December","6.1","OR",4,"1"
1994,"M12","December","4.5","OR",4,"1"
1995,"M12","December","5.0","OR",4,"1"
1996,"M12","December","5.7","OR",4,"1"
1997,"M12","December","5.1","OR",4,"1"
1998,"M12","December","5.6","OR",4,"1"
1999,"M12","December","4.8","OR",4,"1"
2000,"M12","December","4.7","OR",4,"1"
2001,"M12","December","7.6","OR",4,"1"
2002,"M12","December","7.3","OR",4,"1"
2003,"M12","December","7.4","OR",4,"1"
2004,"M12","December","6.4","OR",4,"1"
2005,"M12","December","5.4","OR",4,"1"
2006,"M12","December","5.0","OR",4,"1"
2007,"M12","December","5.2","OR",4,"1"
2008,"M12","December","9.1","OR",4,"1"
2009,"M12","December","10.8","OR",4,"1"
2010,"M12","December","10.0","OR",4,"1"
2011,"M12","December","9.1","OR",4,"1"
2012,"M12","December","8.5","OR",4,"1"
2013,"M12","December","7.1","OR",4,"1"
2014,"M12","December","5.8","OR",4,"1"
2015,"M12","December","4.9","OR",4,"1"
2016,"M12","December","4.0","OR",4,"1"
2017,"M12","December","3.9","OR",4,"1"
2018,"M12","December","4.0","OR",4,"1"
2019,"M12","December","2.9","OR",4,"1"
1976,"M12","December","7.7","PA",4,"1"
1977,"M12","December","6.9","PA",4,"1"
1978,"M12","December","6.5","PA",4,"1"
1979,"M12","December","6.6","PA",4,"1"
1980,"M12","December","7.4","PA",4,"1"
1981,"M12","December","9.2","PA",4,"1"
1982,"M12","December","12.4","PA",4,"1"
1983,"M12","December","9.6","PA",4,"1"
1984,"M12","December","8.0","PA",4,"1"
1985,"M12","December","7.1","PA",4,"1"
1986,"M12","December","5.5","PA",4,"1"
1987,"M12","December","4.9","PA",4,"1"
1988,"M12","December","4.2","PA",4,"1"
1989,"M12","December","4.8","PA",4,"1"
1990,"M12","December","5.9","PA",4,"1"
1991,"M12","December","7.0","PA",4,"1"
1992,"M12","December","6.9","PA",4,"1"
1993,"M12","December","6.0","PA",4,"1"
1994,"M12","December","5.2","PA",4,"1"
1995,"M12","December","5.4","PA",4,"1"
1996,"M12","December","4.7","PA",4,"1"
1997,"M12","December","4.2","PA",4,"1"
1998,"M12","December","4.0","PA",4,"1"
1999,"M12","December","3.7","PA",4,"1"
2000,"M12","December","3.8","PA",4,"1"
2001,"M12","December","5.0","PA",4,"1"
2002,"M12","December","5.6","PA",4,"1"
2003,"M12","December","5.0","PA",4,"1"
2004,"M12","December","4.9","PA",4,"1"
2005,"M12","December","4.4","PA",4,"1"
2006,"M12","December","4.0","PA",4,"1"
2007,"M12","December","4.4","PA",4,"1"
2008,"M12","December","6.3","PA",4,"1"
2009,"M12","December","8.1","PA",4,"1"
2010,"M12","December","7.7","PA",4,"1"
2011,"M12","December","7.4","PA",4,"1"
2012,"M12","December","7.6","PA",4,"1"
2013,"M12","December","6.1","PA",4,"1"
2014,"M12","December","4.9","PA",4,"1"
2015,"M12","December","4.7","PA",4,"1"
2016,"M12","December","4.8","PA",4,"1"
2017,"M12","December","4.3","PA",4,"1"
2018,"M12","December","3.8","PA",4,"1"
2019,"M12","December","4.5","PA",4,"1"
1976,"M12","December","8.3","RI",4,"1"
1977,"M12","December","7.0","RI",4,"1"
1978,"M12","December","5.7","RI",4,"1"
1979,"M12","December","6.4","RI",4,"1"
1980,"M12","December","6.9","RI",4,"1"
1981,"M12","December","8.5","RI",4,"1"
1982,"M12","December","9.7","RI",4,"1"
1983,"M12","December","6.2","RI",4,"1"
1984,"M12","December","4.5","RI",4,"1"
1985,"M12","December","3.8","RI",4,"1"
1986,"M12","December","3.5","RI",4,"1"
1987,"M12","December","2.9","RI",4,"1"
1988,"M12","December","2.8","RI",4,"1"
1989,"M12","December","4.9","RI",4,"1"
1990,"M12","December","7.0","RI",4,"1"
1991,"M12","December","8.5","RI",4,"1"
1992,"M12","December","7.9","RI",4,"1"
1993,"M12","December","6.9","RI",4,"1"
1994,"M12","December","5.9","RI",4,"1"
1995,"M12","December","5.3","RI",4,"1"
1996,"M12","December","4.8","RI",4,"1"
1997,"M12","December","4.5","RI",4,"1"
1998,"M12","December","3.9","RI",4,"1"
1999,"M12","December","3.6","RI",4,"1"
2000,"M12","December","3.6","RI",4,"1"
2001,"M12","December","4.3","RI",4,"1"
2002,"M12","December","4.8","RI",4,"1"
2003,"M12","December","4.8","RI",4,"1"
2004,"M12","December","4.5","RI",4,"1"
2005,"M12","December","4.7","RI",4,"1"
2006,"M12","December","4.3","RI",4,"1"
2007,"M12","December","5.6","RI",4,"1"
2008,"M12","December","9.2","RI",4,"1"
2009,"M12","December","10.7","RI",4,"1"
2010,"M12","December","10.8","RI",4,"1"
2011,"M12","December","10.9","RI",4,"1"
2012,"M12","December","9.2","RI",4,"1"
2013,"M12","December","8.7","RI",4,"1"
2014,"M12","December","6.3","RI",4,"1"
2015,"M12","December","5.2","RI",4,"1"
2016,"M12","December","4.3","RI",4,"1"
2017,"M12","December","4.1","RI",4,"1"
2018,"M12","December","3.5","RI",4,"1"
2019,"M12","December","3.2","RI",4,"1"
1976,"M12","December","6.8","SC",4,"1"
1977,"M12","December","5.8","SC",4,"1"
1978,"M12","December","5.3","SC",4,"1"
1979,"M12","December","4.9","SC",4,"1"
1980,"M12","December","6.8","SC",4,"1"
1981,"M12","December","9.8","SC",4,"1"
1982,"M12","December","12.0","SC",4,"1"
1983,"M12","December","8.0","SC",4,"1"
1984,"M12","December","6.5","SC",4,"1"
1985,"M12","December","6.8","SC",4,"1"
1986,"M12","December","5.9","SC",4,"1"
1987,"M12","December","4.9","SC",4,"1"
1988,"M12","December","4.1","SC",4,"1"
1989,"M12","December","4.6","SC",4,"1"
1990,"M12","December","5.1","SC",4,"1"
1991,"M12","December","6.5","SC",4,"1"
1992,"M12","December","6.6","SC",4,"1"
1993,"M12","December","6.5","SC",4,"1"
1994,"M12","December","4.9","SC",4,"1"
1995,"M12","December","5.2","SC",4,"1"
1996,"M12","December","5.6","SC",4,"1"
1997,"M12","December","3.4","SC",4,"1"
1998,"M12","December","3.7","SC",4,"1"
1999,"M12","December","3.8","SC",4,"1"
2000,"M12","December","3.7","SC",4,"1"
2001,"M12","December","5.8","SC",4,"1"
2002,"M12","December","5.9","SC",4,"1"
2003,"M12","December","6.7","SC",4,"1"
2004,"M12","December","6.8","SC",4,"1"
2005,"M12","December","6.7","SC",4,"1"
2006,"M12","December","6.0","SC",4,"1"
2007,"M12","December","5.8","SC",4,"1"
2008,"M12","December","9.1","SC",4,"1"
2009,"M12","December","11.5","SC",4,"1"
2010,"M12","December","10.8","SC",4,"1"
2011,"M12","December","9.9","SC",4,"1"
2012,"M12","December","8.6","SC",4,"1"
2013,"M12","December","6.3","SC",4,"1"
2014,"M12","December","6.4","SC",4,"1"
2015,"M12","December","5.5","SC",4,"1"
2016,"M12","December","4.6","SC",4,"1"
2017,"M12","December","4.1","SC",4,"1"
2018,"M12","December","3.5","SC",4,"1"
2019,"M12","December","2.4","SC",4,"1"
1976,"M12","December","3.4","SD",4,"1"
1977,"M12","December","3.0","SD",4,"1"
1978,"M12","December","3.2","SD",4,"1"
1979,"M12","December","3.5","SD",4,"1"
1980,"M12","December","5.2","SD",4,"1"
1981,"M12","December","4.8","SD",4,"1"
1982,"M12","December","5.8","SD",4,"1"
1983,"M12","December","4.6","SD",4,"1"
1984,"M12","December","4.4","SD",4,"1"
1985,"M12","December","4.9","SD",4,"1"
1986,"M12","December","4.3","SD",4,"1"
1987,"M12","December","4.1","SD",4,"1"
1988,"M12","December","4.0","SD",4,"1"
1989,"M12","December","3.9","SD",4,"1"
1990,"M12","December","3.5","SD",4,"1"
1991,"M12","December","3.3","SD",4,"1"
1992,"M12","December","3.2","SD",4,"1"
1993,"M12","December","3.3","SD",4,"1"
1994,"M12","December","3.1","SD",4,"1"
1995,"M12","December","3.2","SD",4,"1"
1996,"M12","December","3.1","SD",4,"1"
1997,"M12","December","2.9","SD",4,"1"
1998,"M12","December","2.7","SD",4,"1"
1999,"M12","December","2.5","SD",4,"1"
2000,"M12","December","2.6","SD",4,"1"
2001,"M12","December","3.5","SD",4,"1"
2002,"M12","December","3.2","SD",4,"1"
2003,"M12","December","3.7","SD",4,"1"
2004,"M12","December","3.9","SD",4,"1"
2005,"M12","December","3.5","SD",4,"1"
2006,"M12","December","3.1","SD",4,"1"
2007,"M12","December","2.7","SD",4,"1"
2008,"M12","December","3.9","SD",4,"1"
2009,"M12","December","5.3","SD",4,"1"
2010,"M12","December","5.1","SD",4,"1"
2011,"M12","December","4.5","SD",4,"1"
2012,"M12","December","4.1","SD",4,"1"
2013,"M12","December","3.6","SD",4,"1"
2014,"M12","December","3.5","SD",4,"1"
2015,"M12","December","3.0","SD",4,"1"
2016,"M12","December","3.3","SD",4,"1"
2017,"M12","December","3.4","SD",4,"1"
2018,"M12","December","3.2","SD",4,"1"
2019,"M12","December","3.5","SD",4,"1"
1976,"M12","December","6.0","TN",4,"1"
1977,"M12","December","5.5","TN",4,"1"
1978,"M12","December","5.5","TN",4,"1"
1979,"M12","December","5.5","TN",4,"1"
1980,"M12","December","7.8","TN",4,"1"
1981,"M12","December","10.2","TN",4,"1"
1982,"M12","December","13.2","TN",4,"1"
1983,"M12","December","9.7","TN",4,"1"
1984,"M12","December","7.5","TN",4,"1"
1985,"M12","December","7.7","TN",4,"1"
1986,"M12","December","7.1","TN",4,"1"
1987,"M12","December","5.5","TN",4,"1"
1988,"M12","December","5.5","TN",4,"1"
1989,"M12","December","4.9","TN",4,"1"
1990,"M12","December","5.9","TN",4,"1"
1991,"M12","December","6.4","TN",4,"1"
1992,"M12","December","6.2","TN",4,"1"
1993,"M12","December","4.5","TN",4,"1"
1994,"M12","December","4.1","TN",4,"1"
1995,"M12","December","4.7","TN",4,"1"
1996,"M12","December","5.2","TN",4,"1"
1997,"M12","December","4.3","TN",4,"1"
1998,"M12","December","3.9","TN",4,"1"
1999,"M12","December","3.5","TN",4,"1"
2000,"M12","December","3.6","TN",4,"1"
2001,"M12","December","5.6","TN",4,"1"
2002,"M12","December","5.0","TN",4,"1"
2003,"M12","December","5.2","TN",4,"1"
2004,"M12","December","5.6","TN",4,"1"
2005,"M12","December","5.1","TN",4,"1"
2006,"M12","December","4.4","TN",4,"1"
2007,"M12","December","5.4","TN",4,"1"
2008,"M12","December","8.1","TN",4,"1"
2009,"M12","December","10.3","TN",4,"1"
2010,"M12","December","9.2","TN",4,"1"
2011,"M12","December","7.8","TN",4,"1"
2012,"M12","December","7.7","TN",4,"1"
2013,"M12","December","6.8","TN",4,"1"
2014,"M12","December","5.9","TN",4,"1"
2015,"M12","December","4.7","TN",4,"1"
2016,"M12","December","4.4","TN",4,"1"
2017,"M12","December","3.3","TN",4,"1"
2018,"M12","December","3.2","TN",4,"1"
2019,"M12","December","3.1","TN",4,"1"
1976,"M12","December","5.2","TX",4,"1"
1977,"M12","December","4.5","TX",4,"1"
1978,"M12","December","4.2","TX",4,"1"
1979,"M12","December","3.7","TX",4,"1"
1980,"M12","December","4.6","TX",4,"1"
1981,"M12","December","5.1","TX",4,"1"
1982,"M12","December","7.9","TX",4,"1"
1983,"M12","December","6.5","TX",4,"1"
1984,"M12","December","5.8","TX",4,"1"
1985,"M12","December","6.9","TX",4,"1"
1986,"M12","December","8.5","TX",4,"1"
1987,"M12","December","7.4","TX",4,"1"
1988,"M12","December","6.5","TX",4,"1"
1989,"M12","December","6.0","TX",4,"1"
1990,"M12","December","6.3","TX",4,"1"
1991,"M12","December","7.0","TX",4,"1"
1992,"M12","December","7.2","TX",4,"1"
1993,"M12","December","6.4","TX",4,"1"
1994,"M12","December","5.4","TX",4,"1"
1995,"M12","December","5.7","TX",4,"1"
1996,"M12","December","5.2","TX",4,"1"
1997,"M12","December","4.5","TX",4,"1"
1998,"M12","December","4.3","TX",4,"1"
1999,"M12","December","4.2","TX",4,"1"
2000,"M12","December","3.5","TX",4,"1"
2001,"M12","December","5.6","TX",4,"1"
2002,"M12","December","6.2","TX",4,"1"
2003,"M12","December","5.8","TX",4,"1"
2004,"M12","December","5.5","TX",4,"1"
2005,"M12","December","5.0","TX",4,"1"
2006,"M12","December","4.1","TX",4,"1"
2007,"M12","December","4.2","TX",4,"1"
2008,"M12","December","5.5","TX",4,"1"
2009,"M12","December","8.0","TX",4,"1"
2010,"M12","December","7.8","TX",4,"1"
2011,"M12","December","6.9","TX",4,"1"
2012,"M12","December","6.2","TX",4,"1"
2013,"M12","December","5.4","TX",4,"1"
2014,"M12","December","4.2","TX",4,"1"
2015,"M12","December","4.2","TX",4,"1"
2016,"M12","December","4.5","TX",4,"1"
2017,"M12","December","3.8","TX",4,"1"
2018,"M12","December","3.6","TX",4,"1"
2019,"M12","December","3.3","TX",4,"1"
1976,"M12","December","4.8","UT",4,"1"
1977,"M12","December","3.9","UT",4,"1"
1978,"M12","December","3.3","UT",4,"1"
1979,"M12","December","4.4","UT",4,"1"
1980,"M12","December","6.1","UT",4,"1"
1981,"M12","December","6.4","UT",4,"1"
1982,"M12","December","9.0","UT",4,"1"
1983,"M12","December","6.9","UT",4,"1"
1984,"M12","December","5.9","UT",4,"1"
1985,"M12","December","5.4","UT",4,"1"
1986,"M12","December","6.1","UT",4,"1"
1987,"M12","December","5.1","UT",4,"1"
1988,"M12","December","4.1","UT",4,"1"
1989,"M12","December","4.0","UT",4,"1"
1990,"M12","December","3.9","UT",4,"1"
1991,"M12","December","4.4","UT",4,"1"
1992,"M12","December","4.2","UT",4,"1"
1993,"M12","December","3.1","UT",4,"1"
1994,"M12","December","3.4","UT",4,"1"
1995,"M12","December","2.8","UT",4,"1"
1996,"M12","December","2.8","UT",4,"1"
1997,"M12","December","2.8","UT",4,"1"
1998,"M12","December","3.2","UT",4,"1"
1999,"M12","December","2.6","UT",4,"1"
2000,"M12","December","3.2","UT",4,"1"
2001,"M12","December","4.8","UT",4,"1"
2002,"M12","December","5.4","UT",4,"1"
2003,"M12","December","4.9","UT",4,"1"
2004,"M12","December","4.1","UT",4,"1"
2005,"M12","December","3.3","UT",4,"1"
2006,"M12","December","2.1","UT",4,"1"
2007,"M12","December","2.6","UT",4,"1"
2008,"M12","December","5.1","UT",4,"1"
2009,"M12","December","7.6","UT",4,"1"
2010,"M12","December","7.3","UT",4,"1"
2011,"M12","December","5.6","UT",4,"1"
2012,"M12","December","4.8","UT",4,"1"
2013,"M12","December","3.8","UT",4,"1"
2014,"M12","December","3.3","UT",4,"1"
2015,"M12","December","3.3","UT",4,"1"
2016,"M12","December","3.1","UT",4,"1"
2017,"M12","December","2.9","UT",4,"1"
2018,"M12","December","2.7","UT",4,"1"
2019,"M12","December","2.2","UT",4,"1"
1976,"M12","December","5.5","VA",4,"1"
1977,"M12","December","4.9","VA",4,"1"
1978,"M12","December","5.0","VA",4,"1"
1979,"M12","December","4.2","VA",4,"1"
1980,"M12","December","4.7","VA",4,"1"
1981,"M12","December","6.7","VA",4,"1"
1982,"M12","December","8.0","VA",4,"1"
1983,"M12","December","5.0","VA",4,"1"
1984,"M12","December","5.1","VA",4,"1"
1985,"M12","December","5.0","VA",4,"1"
1986,"M12","December","4.5","VA",4,"1"
1987,"M12","December","3.5","VA",4,"1"
1988,"M12","December","3.6","VA",4,"1"
1989,"M12","December","3.8","VA",4,"1"
1990,"M12","December","5.4","VA",4,"1"
1991,"M12","December","6.1","VA",4,"1"
1992,"M12","December","5.6","VA",4,"1"
1993,"M12","December","4.6","VA",4,"1"
1994,"M12","December","4.1","VA",4,"1"
1995,"M12","December","4.2","VA",4,"1"
1996,"M12","December","4.1","VA",4,"1"
1997,"M12","December","2.8","VA",4,"1"
1998,"M12","December","2.4","VA",4,"1"
1999,"M12","December","2.4","VA",4,"1"
2000,"M12","December","1.8","VA",4,"1"
2001,"M12","December","3.9","VA",4,"1"
2002,"M12","December","4.0","VA",4,"1"
2003,"M12","December","3.6","VA",4,"1"
2004,"M12","December","3.5","VA",4,"1"
2005,"M12","December","3.1","VA",4,"1"
2006,"M12","December","2.8","VA",4,"1"
2007,"M12","December","3.3","VA",4,"1"
2008,"M12","December","4.9","VA",4,"1"
2009,"M12","December","7.2","VA",4,"1"
2010,"M12","December","6.7","VA",4,"1"
2011,"M12","December","6.2","VA",4,"1"
2012,"M12","December","5.6","VA",4,"1"
2013,"M12","December","5.1","VA",4,"1"
2014,"M12","December","4.6","VA",4,"1"
2015,"M12","December","3.8","VA",4,"1"
2016,"M12","December","3.8","VA",4,"1"
2017,"M12","December","3.1","VA",4,"1"
2018,"M12","December","2.8","VA",4,"1"
2019,"M12","December","2.4","VA",4,"1"
1976,"M12","December","7.3","VT",4,"1"
1977,"M12","December","6.0","VT",4,"1"
1978,"M12","December","5.0","VT",4,"1"
1979,"M12","December","4.8","VT",4,"1"
1980,"M12","December","5.5","VT",4,"1"
1981,"M12","December","5.6","VT",4,"1"
1982,"M12","December","6.7","VT",4,"1"
1983,"M12","December","5.2","VT",4,"1"
1984,"M12","December","4.4","VT",4,"1"
1985,"M12","December","4.1","VT",4,"1"
1986,"M12","December","3.6","VT",4,"1"
1987,"M12","December","2.7","VT",4,"1"
1988,"M12","December","2.7","VT",4,"1"
1989,"M12","December","3.7","VT",4,"1"
1990,"M12","December","5.8","VT",4,"1"
1991,"M12","December","6.1","VT",4,"1"
1992,"M12","December","5.2","VT",4,"1"
1993,"M12","December","4.6","VT",4,"1"
1994,"M12","December","3.9","VT",4,"1"
1995,"M12","December","3.9","VT",4,"1"
1996,"M12","December","3.8","VT",4,"1"
1997,"M12","December","3.4","VT",4,"1"
1998,"M12","December","2.8","VT",4,"1"
1999,"M12","December","2.4","VT",4,"1"
2000,"M12","December","2.6","VT",4,"1"
2001,"M12","December","3.4","VT",4,"1"
2002,"M12","December","4.0","VT",4,"1"
2003,"M12","December","3.8","VT",4,"1"
2004,"M12","December","3.3","VT",4,"1"
2005,"M12","December","3.2","VT",4,"1"
2006,"M12","December","3.5","VT",4,"1"
2007,"M12","December","3.9","VT",4,"1"
2008,"M12","December","5.3","VT",4,"1"
2009,"M12","December","6.1","VT",4,"1"
2010,"M12","December","5.7","VT",4,"1"
2011,"M12","December","4.8","VT",4,"1"
2012,"M12","December","4.4","VT",4,"1"
2013,"M12","December","3.9","VT",4,"1"
2014,"M12","December","3.5","VT",4,"1"
2015,"M12","December","3.1","VT",4,"1"
2016,"M12","December","2.8","VT",4,"1"
2017,"M12","December","2.4","VT",4,"1"
2018,"M12","December","2.1","VT",4,"1"
2019,"M12","December","2.1","VT",4,"1"
1976,"M12","December","8.9","WA",4,"1"
1977,"M12","December","6.5","WA",4,"1"
1978,"M12","December","7.1","WA",4,"1"
1979,"M12","December","6.7","WA",4,"1"
1980,"M12","December","8.8","WA",4,"1"
1981,"M12","December","11.3","WA",4,"1"
1982,"M12","December","12.4","WA",4,"1"
1983,"M12","December","10.2","WA",4,"1"
1984,"M12","December","9.0","WA",4,"1"
1985,"M12","December","7.9","WA",4,"1"
1986,"M12","December","8.0","WA",4,"1"
1987,"M12","December","6.8","WA",4,"1"
1988,"M12","December","5.8","WA",4,"1"
1989,"M12","December","5.6","WA",4,"1"
1990,"M12","December","5.8","WA",4,"1"
1991,"M12","December","7.0","WA",4,"1"
1992,"M12","December","7.8","WA",4,"1"
1993,"M12","December","6.8","WA",4,"1"
1994,"M12","December","6.1","WA",4,"1"
1995,"M12","December","6.4","WA",4,"1"
1996,"M12","December","5.5","WA",4,"1"
1997,"M12","December","4.5","WA",4,"1"
1998,"M12","December","4.8","WA",4,"1"
1999,"M12","December","4.7","WA",4,"1"
2000,"M12","December","5.3","WA",4,"1"
2001,"M12","December","7.3","WA",4,"1"
2002,"M12","December","7.4","WA",4,"1"
2003,"M12","December","7.0","WA",4,"1"
2004,"M12","December","5.9","WA",4,"1"
2005,"M12","December","5.1","WA",4,"1"
2006,"M12","December","4.9","WA",4,"1"
2007,"M12","December","4.8","WA",4,"1"
2008,"M12","December","6.6","WA",4,"1"
2009,"M12","December","10.5","WA",4,"1"
2010,"M12","December","9.6","WA",4,"1"
2011,"M12","December","8.8","WA",4,"1"
2012,"M12","December","7.6","WA",4,"1"
2013,"M12","December","6.7","WA",4,"1"
2014,"M12","December","5.9","WA",4,"1"
2015,"M12","December","5.7","WA",4,"1"
2016,"M12","December","5.0","WA",4,"1"
2017,"M12","December","4.7","WA",4,"1"
2018,"M12","December","4.7","WA",4,"1"
2019,"M12","December","4.0","WA",4,"1"
1976,"M12","December","4.9","WI",4,"1"
1977,"M12","December","4.3","WI",4,"1"
1978,"M12","December","5.0","WI",4,"1"
1979,"M12","December","4.2","WI",4,"1"
1980,"M12","December","7.7","WI",4,"1"
1981,"M12","December","8.4","WI",4,"1"
1982,"M12","December","11.7","WI",4,"1"
1983,"M12","December","8.3","WI",4,"1"
1984,"M12","December","6.5","WI",4,"1"
1985,"M12","December","6.8","WI",4,"1"
1986,"M12","December","6.1","WI",4,"1"
1987,"M12","December","4.9","WI",4,"1"
1988,"M12","December","3.8","WI",4,"1"
1989,"M12","December","3.8","WI",4,"1"
1990,"M12","December","4.5","WI",4,"1"
1991,"M12","December","4.9","WI",4,"1"
1992,"M12","December","4.3","WI",4,"1"
1993,"M12","December","4.3","WI",4,"1"
1994,"M12","December","3.3","WI",4,"1"
1995,"M12","December","3.4","WI",4,"1"
1996,"M12","December","3.1","WI",4,"1"
1997,"M12","December","3.0","WI",4,"1"
1998,"M12","December","3.0","WI",4,"1"
1999,"M12","December","2.7","WI",4,"1"
2000,"M12","December","3.3","WI",4,"1"
2001,"M12","December","4.8","WI",4,"1"
2002,"M12","December","5.1","WI",4,"1"
2003,"M12","December","4.9","WI",4,"1"
2004,"M12","December","4.4","WI",4,"1"
2005,"M12","December","4.5","WI",4,"1"
2006,"M12","December","4.5","WI",4,"1"
2007,"M12","December","4.5","WI",4,"1"
2008,"M12","December","6.0","WI",4,"1"
2009,"M12","December","8.9","WI",4,"1"
2010,"M12","December","7.7","WI",4,"1"
2011,"M12","December","6.9","WI",4,"1"
2012,"M12","December","6.6","WI",4,"1"
2013,"M12","December","6.0","WI",4,"1"
2014,"M12","December","4.5","WI",4,"1"
2015,"M12","December","4.1","WI",4,"1"
2016,"M12","December","3.4","WI",4,"1"
2017,"M12","December","2.7","WI",4,"1"
2018,"M12","December","2.8","WI",4,"1"
2019,"M12","December","3.2","WI",4,"1"
1976,"M12","December","6.3","WV",4,"1"
1977,"M12","December","6.6","WV",4,"1"
1978,"M12","December","6.1","WV",4,"1"
1979,"M12","December","7.4","WV",4,"1"
1980,"M12","December","9.8","WV",4,"1"
1981,"M12","December","10.2","WV",4,"1"
1982,"M12","December","18.0","WV",4,"1"
1983,"M12","December","16.0","WV",4,"1"
1984,"M12","December","14.4","WV",4,"1"
1985,"M12","December","11.4","WV",4,"1"
1986,"M12","December","10.6","WV",4,"1"
1987,"M12","December","10.0","WV",4,"1"
1988,"M12","December","8.7","WV",4,"1"
1989,"M12","December","7.8","WV",4,"1"
1990,"M12","December","9.6","WV",4,"1"
1991,"M12","December","11.4","WV",4,"1"
1992,"M12","December","10.8","WV",4,"1"
1993,"M12","December","9.4","WV",4,"1"
1994,"M12","December","7.5","WV",4,"1"
1995,"M12","December","7.5","WV",4,"1"
1996,"M12","December","7.1","WV",4,"1"
1997,"M12","December","6.5","WV",4,"1"
1998,"M12","December","6.0","WV",4,"1"
1999,"M12","December","5.6","WV",4,"1"
2000,"M12","December","5.1","WV",4,"1"
2001,"M12","December","4.8","WV",4,"1"
2002,"M12","December","5.7","WV",4,"1"
2003,"M12","December","5.2","WV",4,"1"
2004,"M12","December","4.7","WV",4,"1"
2005,"M12","December","4.3","WV",4,"1"
2006,"M12","December","4.2","WV",4,"1"
2007,"M12","December","4.3","WV",4,"1"
2008,"M12","December","4.7","WV",4,"1"
2009,"M12","December","8.1","WV",4,"1"
2010,"M12","December","8.6","WV",4,"1"
2011,"M12","December","7.3","WV",4,"1"
2012,"M12","December","7.3","WV",4,"1"
2013,"M12","December","6.4","WV",4,"1"
2014,"M12","December","6.1","WV",4,"1"
2015,"M12","December","6.0","WV",4,"1"
2016,"M12","December","5.1","WV",4,"1"
2017,"M12","December","5.1","WV",4,"1"
2018,"M12","December","4.7","WV",4,"1"
2019,"M12","December","5.0","WV",4,"1"
1976,"M12","December","4.0","WY",4,"1"
1977,"M12","December","3.2","WY",4,"1"
1978,"M12","December","3.1","WY",4,"1"
1979,"M12","December","3.3","WY",4,"1"
1980,"M12","December","4.3","WY",4,"1"
1981,"M12","December","3.9","WY",4,"1"
1982,"M12","December","8.5","WY",4,"1"
1983,"M12","December","6.7","WY",4,"1"
1984,"M12","December","6.4","WY",4,"1"
1985,"M12","December","7.5","WY",4,"1"
1986,"M12","December","9.4","WY",4,"1"
1987,"M12","December","7.1","WY",4,"1"
1988,"M12","December","6.7","WY",4,"1"
1989,"M12","December","6.0","WY",4,"1"
1990,"M12","December","5.4","WY",4,"1"
1991,"M12","December","5.9","WY",4,"1"
1992,"M12","December","5.5","WY",4,"1"
1993,"M12","December","5.4","WY",4,"1"
1994,"M12","December","4.7","WY",4,"1"
1995,"M12","December","4.8","WY",4,"1"
1996,"M12","December","5.1","WY",4,"1"
1997,"M12","December","4.7","WY",4,"1"
1998,"M12","December","4.8","WY",4,"1"
1999,"M12","December","4.3","WY",4,"1"
2000,"M12","December","3.9","WY",4,"1"
2001,"M12","December","3.9","WY",4,"1"
2002,"M12","December","4.5","WY",4,"1"
2003,"M12","December","4.2","WY",4,"1"
2004,"M12","December","3.7","WY",4,"1"
2005,"M12","December","3.5","WY",4,"1"
2006,"M12","December","2.9","WY",4,"1"
2007,"M12","December","2.5","WY",4,"1"
2008,"M12","December","3.7","WY",4,"1"
2009,"M12","December","7.5","WY",4,"1"
2010,"M12","December","6.2","WY",4,"1"
2011,"M12","December","5.7","WY",4,"1"
2012,"M12","December","5.2","WY",4,"1"
2013,"M12","December","4.6","WY",4,"1"
2014,"M12","December","3.8","WY",4,"1"
2015,"M12","December","4.8","WY",4,"1"
2016,"M12","December","5.1","WY",4,"1"
2017,"M12","December","4.0","WY",4,"1"
2018,"M12","December","3.7","WY",4,"1"
2019,"M12","December","3.7","WY",4,"1"
