AL,1980,3893888,,,,,,,,,,,,,,,,,,,1990,4040587,vlookup(
AK,1980,401851,,,,,,,,,,,,,,,,,,,1990,550043,
AZ,1980,2718215,,,,,,,,,,,,,,,,,,,1990,3665228,
AR,1980,2286435,,,,,,,,,,,,,,,,,,,1990,2350725,
CA,1980,23667902,,,,,,,,,,,,,,,,,,,1990,29760021,
CO,1980,2889964,,,,,,,,,,,,,,,,,,,1990,3294394,
CT,1980,3107576,,,,,,,,,,,,,,,,,,,1990,3287116,
DE,1980,594338,,,,,,,,,,,,,,,,,,,1990,666168,
DC,1980,638333,,,,,,,,,,,,,,,,,,,1990,606900,
FL,1980,9746324,,,,,,,,,,,,,,,,,,,1990,12937926,
GA,1980,5463105,,,,,,,,,,,,,,,,,,,1990,6478216,
HI,1980,964691,,,,,,,,,,,,,,,,,,,1990,1108229,
ID,1980,943935,,,,,,,,,,,,,,,,,,,1990,1006749,
IL,1980,11426518,,,,,,,,,,,,,,,,,,,1990,11430602,
IN,1980,5490224,,,,,,,,,,,,,,,,,,,1990,5544159,
IA,1980,2913808,,,,,,,,,,,,,,,,,,,1990,2776755,
KS,1980,2363679,,,,,,,,,,,,,,,,,,,1990,2477574,
KY,1980,3660777,,,,,,,,,,,,,,,,,,,1990,3685296,
LA,1980,4205900,,,,,,,,,,,,,,,,,,,1990,4219973,
ME,1980,1124660,,,,,,,,,,,,,,,,,,,1990,1227928,
MD,1980,4216975,,,,,,,,,,,,,,,,,,,1990,4781468,
MA,1980,5737037,,,,,,,,,,,,,,,,,,,1990,6016425,
MI,1980,9262078,,,,,,,,,,,,,,,,,,,1990,9295297,
MN,1980,4075970,,,,,,,,,,,,,,,,,,,1990,4375099,
MS,1980,2520638,,,,,,,,,,,,,,,,,,,1990,2573216,
MO,1980,4916686,,,,,,,,,,,,,,,,,,,1990,5117073,
MT,1980,786690,,,,,,,,,,,,,,,,,,,1990,799065,
NE,1980,1569825,,,,,,,,,,,,,,,,,,,1990,1578385,
NV,1980,800493,,,,,,,,,,,,,,,,,,,1990,1201833,
NH,1980,920610,,,,,,,,,,,,,,,,,,,1990,1109252,
NJ,1980,7364823,,,,,,,,,,,,,,,,,,,1990,7730188,
NM,1980,1302894,,,,,,,,,,,,,,,,,,,1990,1515069,
NY,1980,17558072,,,,,,,,,,,,,,,,,,,1990,17990455,
NC,1980,5881766,,,,,,,,,,,,,,,,,,,1990,6628637,
ND,1980,652717,,,,,,,,,,,,,,,,,,,1990,638800,
OH,1980,10797630,,,,,,,,,,,,,,,,,,,1990,10847115,
OK,1980,3025290,,,,,,,,,,,,,,,,,,,1990,3145585,
OR,1980,2633105,,,,,,,,,,,,,,,,,,,1990,2842321,
PA,1980,11863895,,,,,,,,,,,,,,,,,,,1990,11881643,
RI,1980,947154,,,,,,,,,,,,,,,,,,,1990,1003464,
SC,1980,3121820,,,,,,,,,,,,,,,,,,,1990,3486703,
SD,1980,690768,,,,,,,,,,,,,,,,,,,1990,696004,
TN,1980,4591120,,,,,,,,,,,,,,,,,,,1990,4877185,
TX,1980,14229191,,,,,,,,,,,,,,,,,,,1990,16986510,
UT,1980,1461037,,,,,,,,,,,,,,,,,,,1990,1722850,
VT,1980,511456,,,,,,,,,,,,,,,,,,,1990,562758,
VA,1980,5346818,,,,,,,,,,,,,,,,,,,1990,6187358,
WA,1980,4132156,,,,,,,,,,,,,,,,,,,1990,4866692,
WV,1980,1949644,,,,,,,,,,,,,,,,,,,1990,1793477,
WI,1980,4705767,,,,,,,,,,,,,,,,,,,1990,4891769,
WY,1980,469557,,,,,,,,,,,,,,,,,,,1990,453588,
AL,1981,3918531,,,,,,,,,,,,,,,,,,,,,
AK,1981,418491,,,,,,,,,,,,,,,,,,,,,
AZ,1981,2810107,,,,,,,,,,,,,,,,,,,,,
AR,1981,2293201,,,,,,,,,,,,,,,,,,,,,
CA,1981,24285933,,,,,,,,,,,,,,,,,,,,,
CO,1981,2977898,,,,,,,,,,,,,,,,,,,,,
CT,1981,3128836,,,,,,,,,,,,,,,,,,,,,
DE,1981,595975,,,,,,,,,,,,,,,,,,,,,
DC,1981,636893,,,,,,,,,,,,,,,,,,,,,
FL,1981,10192774,,,,,,,,,,,,,,,,,,,,,
GA,1981,5568345,,,,,,,,,,,,,,,,,,,,,
HI,1981,978195,,,,,,,,,,,,,,,,,,,,,
ID,1981,962204,,,,,,,,,,,,,,,,,,,,,
IL,1981,11443458,,,,,,,,,,,,,,,,,,,,,
IN,1981,5480435,,,,,,,,,,,,,,,,,,,,,
IA,1981,2907983,,,,,,,,,,,,,,,,,,,,,
KS,1981,2384849,,,,,,,,,,,,,,,,,,,,,
KY,1981,3670394,,,,,,,,,,,,,,,,,,,,,
LA,1981,4283303,,,,,,,,,,,,,,,,,,,,,
ME,1981,1133033,,,,,,,,,,,,,,,,,,,,,
MD,1981,4261905,,,,,,,,,,,,,,,,,,,,,
MA,1981,5768685,,,,,,,,,,,,,,,,,,,,,
MI,1981,9209287,,,,,,,,,,,,,,,,,,,,,
MN,1981,4111728,,,,,,,,,,,,,,,,,,,,,
MS,1981,2539036,,,,,,,,,,,,,,,,,,,,,
MO,1981,4932064,,,,,,,,,,,,,,,,,,,,,
MT,1981,795328,,,,,,,,,,,,,,,,,,,,,
NE,1981,1578515,,,,,,,,,,,,,,,,,,,,,
NV,1981,847655,,,,,,,,,,,,,,,,,,,,,
NH,1981,936621,,,,,,,,,,,,,,,,,,,,,
NJ,1981,7407472,,,,,,,,,,,,,,,,,,,,,
NM,1981,1332748,,,,,,,,,,,,,,,,,,,,,
NY,1981,17567734,,,,,,,,,,,,,,,,,,,,,
NC,1981,5956653,,,,,,,,,,,,,,,,,,,,,
ND,1981,659505,,,,,,,,,,,,,,,,,,,,,
OH,1981,10788330,,,,,,,,,,,,,,,,,,,,,
OK,1981,3096164,,,,,,,,,,,,,,,,,,,,,
OR,1981,2667982,,,,,,,,,,,,,,,,,,,,,
PA,1981,11858567,,,,,,,,,,,,,,,,,,,,,
RI,1981,953013,,,,,,,,,,,,,,,,,,,,,
SC,1981,3179255,,,,,,,,,,,,,,,,,,,,,
SD,1981,689584,,,,,,,,,,,,,,,,,,,,,
TN,1981,4627658,,,,,,,,,,,,,,,,,,,,,
TX,1981,14746318,,,,,,,,,,,,,,,,,,,,,
UT,1981,1515471,,,,,,,,,,,,,,,,,,,,,
VT,1981,515594,,,,,,,,,,,,,,,,,,,,,
VA,1981,5444097,,,,,,,,,,,,,,,,,,,,,
WA,1981,4235731,,,,,,,,,,,,,,,,,,,,,
WV,1981,1954124,,,,,,,,,,,,,,,,,,,,,
WI,1981,4726343,,,,,,,,,,,,,,,,,,,,,
WY,1981,491712,,,,,,,,,,,,,,,,,,,,,
AL,1982,3925266,,,,,,,,,,,,,,,,,,,,,
AK,1982,449606,,,,,,,,,,,,,,,,,,,,,
AZ,1982,2889861,,,,,,,,,,,,,,,,,,,,,
AR,1982,2294257,,,,,,,,,,,,,,,,,,,,,
CA,1982,24820009,,,,,,,,,,,,,,,,,,,,,
CO,1982,3061564,,,,,,,,,,,,,,,,,,,,,
CT,1982,3139013,,,,,,,,,,,,,,,,,,,,,
DE,1982,599148,,,,,,,,,,,,,,,,,,,,,
DC,1982,634174,,,,,,,,,,,,,,,,,,,,,
FL,1982,10471407,,,,,,,,,,,,,,,,,,,,,
GA,1982,5649792,,,,,,,,,,,,,,,,,,,,,
HI,1982,993780,,,,,,,,,,,,,,,,,,,,,
ID,1982,973721,,,,,,,,,,,,,,,,,,,,,
IL,1982,11423412,,,,,,,,,,,,,,,,,,,,,
IN,1982,5467922,,,,,,,,,,,,,,,,,,,,,
IA,1982,2888189,,,,,,,,,,,,,,,,,,,,,
KS,1982,2401202,,,,,,,,,,,,,,,,,,,,,
KY,1982,3683445,,,,,,,,,,,,,,,,,,,,,
LA,1982,4352608,,,,,,,,,,,,,,,,,,,,,
ME,1982,1136684,,,,,,,,,,,,,,,,,,,,,
MD,1982,4282923,,,,,,,,,,,,,,,,,,,,,
MA,1982,5771222,,,,,,,,,,,,,,,,,,,,,
MI,1982,9115198,,,,,,,,,,,,,,,,,,,,,
MN,1982,4131450,,,,,,,,,,,,,,,,,,,,,
MS,1982,2556777,,,,,,,,,,,,,,,,,,,,,
MO,1982,4929451,,,,,,,,,,,,,,,,,,,,,
MT,1982,803986,,,,,,,,,,,,,,,,,,,,,
NE,1982,1581780,,,,,,,,,,,,,,,,,,,,,
NV,1982,881537,,,,,,,,,,,,,,,,,,,,,
NH,1982,947719,,,,,,,,,,,,,,,,,,,,,
NJ,1982,7430968,,,,,,,,,,,,,,,,,,,,,
NM,1982,1363823,,,,,,,,,,,,,,,,,,,,,
NY,1982,17589738,,,,,,,,,,,,,,,,,,,,,
NC,1982,6019101,,,,,,,,,,,,,,,,,,,,,
ND,1982,668972,,,,,,,,,,,,,,,,,,,,,
OH,1982,10757087,,,,,,,,,,,,,,,,,,,,,
OK,1982,3206123,,,,,,,,,,,,,,,,,,,,,
OR,1982,2664922,,,,,,,,,,,,,,,,,,,,,
PA,1982,11845146,,,,,,,,,,,,,,,,,,,,,
RI,1982,954170,,,,,,,,,,,,,,,,,,,,,
SC,1982,3207614,,,,,,,,,,,,,,,,,,,,,
SD,1982,690597,,,,,,,,,,,,,,,,,,,,,
TN,1982,4646041,,,,,,,,,,,,,,,,,,,,,
TX,1982,15331415,,,,,,,,,,,,,,,,,,,,,
UT,1982,1558314,,,,,,,,,,,,,,,,,,,,,
VT,1982,519109,,,,,,,,,,,,,,,,,,,,,
VA,1982,5492783,,,,,,,,,,,,,,,,,,,,,
WA,1982,4276552,,,,,,,,,,,,,,,,,,,,,
WV,1982,1949604,,,,,,,,,,,,,,,,,,,,,
WI,1982,4728870,,,,,,,,,,,,,,,,,,,,,
WY,1982,506400,,,,,,,,,,,,,,,,,,,,,
AL,1983,3934102,,,,,,,,,,,,,,,,,,,,,
AK,1983,488417,,,,,,,,,,,,,,,,,,,,,
AZ,1983,2968925,,,,,,,,,,,,,,,,,,,,,
AR,1983,2305761,,,,,,,,,,,,,,,,,,,,,
CA,1983,25360026,,,,,,,,,,,,,,,,,,,,,
CO,1983,3133630,,,,,,,,,,,,,,,,,,,,,
CT,1983,3162354,,,,,,,,,,,,,,,,,,,,,
DE,1983,605458,,,,,,,,,,,,,,,,,,,,,
DC,1983,632433,,,,,,,,,,,,,,,,,,,,,
FL,1983,10749851,,,,,,,,,,,,,,,,,,,,,
GA,1983,5728250,,,,,,,,,,,,,,,,,,,,,
HI,1983,1012717,,,,,,,,,,,,,,,,,,,,,
ID,1983,981869,,,,,,,,,,,,,,,,,,,,,
IL,1983,11408818,,,,,,,,,,,,,,,,,,,,,
IN,1983,5450395,,,,,,,,,,,,,,,,,,,,,
IA,1983,2870543,,,,,,,,,,,,,,,,,,,,,
KS,1983,2415531,,,,,,,,,,,,,,,,,,,,,
KY,1983,3694484,,,,,,,,,,,,,,,,,,,,,
LA,1983,4395316,,,,,,,,,,,,,,,,,,,,,
ME,1983,1144772,,,,,,,,,,,,,,,,,,,,,
MD,1983,4313327,,,,,,,,,,,,,,,,,,,,,
MA,1983,5799407,,,,,,,,,,,,,,,,,,,,,
MI,1983,9047754,,,,,,,,,,,,,,,,,,,,,
MN,1983,4141456,,,,,,,,,,,,,,,,,,,,,
MS,1983,2567717,,,,,,,,,,,,,,,,,,,,,
MO,1983,4943733,,,,,,,,,,,,,,,,,,,,,
MT,1983,814031,,,,,,,,,,,,,,,,,,,,,
NE,1983,1584293,,,,,,,,,,,,,,,,,,,,,
NV,1983,901977,,,,,,,,,,,,,,,,,,,,,
NH,1983,958134,,,,,,,,,,,,,,,,,,,,,
NJ,1983,7467785,,,,,,,,,,,,,,,,,,,,,
NM,1983,1394361,,,,,,,,,,,,,,,,,,,,,
NY,1983,17686905,,,,,,,,,,,,,,,,,,,,,
NC,1983,6077056,,,,,,,,,,,,,,,,,,,,,
ND,1983,676688,,,,,,,,,,,,,,,,,,,,,
OH,1983,10737632,,,,,,,,,,,,,,,,,,,,,
OK,1983,3290402,,,,,,,,,,,,,,,,,,,,,
OR,1983,2653066,,,,,,,,,,,,,,,,,,,,,
PA,1983,11837723,,,,,,,,,,,,,,,,,,,,,
RI,1983,956382,,,,,,,,,,,,,,,,,,,,,
SC,1983,3234066,,,,,,,,,,,,,,,,,,,,,
SD,1983,693008,,,,,,,,,,,,,,,,,,,,,
TN,1983,4659749,,,,,,,,,,,,,,,,,,,,,
TX,1983,15751676,,,,,,,,,,,,,,,,,,,,,
UT,1983,1594943,,,,,,,,,,,,,,,,,,,,,
VT,1983,523302,,,,,,,,,,,,,,,,,,,,,
VA,1983,5564657,,,,,,,,,,,,,,,,,,,,,
WA,1983,4300266,,,,,,,,,,,,,,,,,,,,,
WV,1983,1945061,,,,,,,,,,,,,,,,,,,,,
WI,1983,4721438,,,,,,,,,,,,,,,,,,,,,
WY,1983,510345,,,,,,,,,,,,,,,,,,,,,
AL,1984,3951820,,,,,,,,,,,,,,,,,,,,,
AK,1984,513702,,,,,,,,,,,,,,,,,,,,,
AZ,1984,3067135,,,,,,,,,,,,,,,,,,,,,
AR,1984,2319768,,,,,,,,,,,,,,,,,,,,,
CA,1984,25844393,,,,,,,,,,,,,,,,,,,,,
CO,1984,3169992,,,,,,,,,,,,,,,,,,,,,
CT,1984,3180014,,,,,,,,,,,,,,,,,,,,,
DE,1984,611565,,,,,,,,,,,,,,,,,,,,,
DC,1984,633382,,,,,,,,,,,,,,,,,,,,,
FL,1984,11039925,,,,,,,,,,,,,,,,,,,,,
GA,1984,5834954,,,,,,,,,,,,,,,,,,,,,
HI,1984,1027922,,,,,,,,,,,,,,,,,,,,,
ID,1984,990839,,,,,,,,,,,,,,,,,,,,,
IL,1984,11412132,,,,,,,,,,,,,,,,,,,,,
IN,1984,5458322,,,,,,,,,,,,,,,,,,,,,
IA,1984,2858618,,,,,,,,,,,,,,,,,,,,,
KS,1984,2424086,,,,,,,,,,,,,,,,,,,,,
KY,1984,3695453,,,,,,,,,,,,,,,,,,,,,
LA,1984,4400477,,,,,,,,,,,,,,,,,,,,,
ME,1984,1155635,,,,,,,,,,,,,,,,,,,,,
MD,1984,4365243,,,,,,,,,,,,,,,,,,,,,
MA,1984,5840773,,,,,,,,,,,,,,,,,,,,,
MI,1984,9049452,,,,,,,,,,,,,,,,,,,,,
MN,1984,4157706,,,,,,,,,,,,,,,,,,,,,
MS,1984,2578051,,,,,,,,,,,,,,,,,,,,,
MO,1984,4975278,,,,,,,,,,,,,,,,,,,,,
MT,1984,820905,,,,,,,,,,,,,,,,,,,,,
NE,1984,1588639,,,,,,,,,,,,,,,,,,,,,
NV,1984,924922,,,,,,,,,,,,,,,,,,,,,
NH,1984,976864,,,,,,,,,,,,,,,,,,,,,
NJ,1984,7515473,,,,,,,,,,,,,,,,,,,,,
NM,1984,1416717,,,,,,,,,,,,,,,,,,,,,
NY,1984,17745684,,,,,,,,,,,,,,,,,,,,,
NC,1984,6164006,,,,,,,,,,,,,,,,,,,,,
ND,1984,680497,,,,,,,,,,,,,,,,,,,,,
OH,1984,10737746,,,,,,,,,,,,,,,,,,,,,
OK,1984,3285533,,,,,,,,,,,,,,,,,,,,,
OR,1984,2666588,,,,,,,,,,,,,,,,,,,,,
PA,1984,11815172,,,,,,,,,,,,,,,,,,,,,
RI,1984,961894,,,,,,,,,,,,,,,,,,,,,
SC,1984,3271868,,,,,,,,,,,,,,,,,,,,,
SD,1984,697249,,,,,,,,,,,,,,,,,,,,,
TN,1984,4686737,,,,,,,,,,,,,,,,,,,,,
TX,1984,16007086,,,,,,,,,,,,,,,,,,,,,
UT,1984,1622342,,,,,,,,,,,,,,,,,,,,,
VT,1984,526660,,,,,,,,,,,,,,,,,,,,,
VA,1984,5643870,,,,,,,,,,,,,,,,,,,,,
WA,1984,4343656,,,,,,,,,,,,,,,,,,,,,
WV,1984,1927697,,,,,,,,,,,,,,,,,,,,,
WI,1984,4735563,,,,,,,,,,,,,,,,,,,,,
WY,1984,504896,,,,,,,,,,,,,,,,,,,,,
AL,1985,3972523,,,,,,,,,,,,,,,,,,,,,
AK,1985,532495,,,,,,,,,,,,,,,,,,,,,
AZ,1985,3183538,,,,,,,,,,,,,,,,,,,,,
AR,1985,2327046,,,,,,,,,,,,,,,,,,,,,
CA,1985,26441109,,,,,,,,,,,,,,,,,,,,,
CO,1985,3208723,,,,,,,,,,,,,,,,,,,,,
CT,1985,3201131,,,,,,,,,,,,,,,,,,,,,
DE,1985,618280,,,,,,,,,,,,,,,,,,,,,
DC,1985,634549,,,,,,,,,,,,,,,,,,,,,
FL,1985,11351118,,,,,,,,,,,,,,,,,,,,,
GA,1985,5962661,,,,,,,,,,,,,,,,,,,,,
HI,1985,1039698,,,,,,,,,,,,,,,,,,,,,
ID,1985,994051,,,,,,,,,,,,,,,,,,,,,
IL,1985,11399806,,,,,,,,,,,,,,,,,,,,,
IN,1985,5459211,,,,,,,,,,,,,,,,,,,,,
IA,1985,2829684,,,,,,,,,,,,,,,,,,,,,
KS,1985,2427405,,,,,,,,,,,,,,,,,,,,,
KY,1985,3694826,,,,,,,,,,,,,,,,,,,,,
LA,1985,4408118,,,,,,,,,,,,,,,,,,,,,
ME,1985,1162936,,,,,,,,,,,,,,,,,,,,,
MD,1985,4413071,,,,,,,,,,,,,,,,,,,,,
MA,1985,5880733,,,,,,,,,,,,,,,,,,,,,
MI,1985,9076293,,,,,,,,,,,,,,,,,,,,,
MN,1985,4184302,,,,,,,,,,,,,,,,,,,,,
MS,1985,2588102,,,,,,,,,,,,,,,,,,,,,
MO,1985,5000268,,,,,,,,,,,,,,,,,,,,,
MT,1985,822320,,,,,,,,,,,,,,,,,,,,,
NE,1985,1584664,,,,,,,,,,,,,,,,,,,,,
NV,1985,951030,,,,,,,,,,,,,,,,,,,,,
NH,1985,996753,,,,,,,,,,,,,,,,,,,,,
NJ,1985,7565528,,,,,,,,,,,,,,,,,,,,,
NM,1985,1438361,,,,,,,,,,,,,,,,,,,,,
NY,1985,17791672,,,,,,,,,,,,,,,,,,,,,
NC,1985,6253954,,,,,,,,,,,,,,,,,,,,,
ND,1985,676980,,,,,,,,,,,,,,,,,,,,,
OH,1985,10734926,,,,,,,,,,,,,,,,,,,,,
OK,1985,3271332,,,,,,,,,,,,,,,,,,,,,
OR,1985,2672652,,,,,,,,,,,,,,,,,,,,,
PA,1985,11770862,,,,,,,,,,,,,,,,,,,,,
RI,1985,968955,,,,,,,,,,,,,,,,,,,,,
SC,1985,3303209,,,,,,,,,,,,,,,,,,,,,
SD,1985,698402,,,,,,,,,,,,,,,,,,,,,
TN,1985,4715296,,,,,,,,,,,,,,,,,,,,,
TX,1985,16272734,,,,,,,,,,,,,,,,,,,,,
UT,1985,1642910,,,,,,,,,,,,,,,,,,,,,
VT,1985,530035,,,,,,,,,,,,,,,,,,,,,
VA,1985,5715153,,,,,,,,,,,,,,,,,,,,,
WA,1985,4400098,,,,,,,,,,,,,,,,,,,,,
WV,1985,1906831,,,,,,,,,,,,,,,,,,,,,
WI,1985,4747767,,,,,,,,,,,,,,,,,,,,,
WY,1985,499695,,,,,,,,,,,,,,,,,,,,,
AL,1986,3991569,,,,,,,,,,,,,,,,,,,,,
AK,1986,544268,,,,,,,,,,,,,,,,,,,,,
AZ,1986,3308262,,,,,,,,,,,,,,,,,,,,,
AR,1986,2331984,,,,,,,,,,,,,,,,,,,,,
CA,1986,27102237,,,,,,,,,,,,,,,,,,,,,
CO,1986,3237450,,,,,,,,,,,,,,,,,,,,,
CT,1986,3223740,,,,,,,,,,,,,,,,,,,,,
DE,1986,627559,,,,,,,,,,,,,,,,,,,,,
DC,1986,638269,,,,,,,,,,,,,,,,,,,,,
FL,1986,11667505,,,,,,,,,,,,,,,,,,,,,
GA,1986,6084666,,,,,,,,,,,,,,,,,,,,,
HI,1986,1051762,,,,,,,,,,,,,,,,,,,,,
ID,1986,990224,,,,,,,,,,,,,,,,,,,,,
IL,1986,11387257,,,,,,,,,,,,,,,,,,,,,
IN,1986,5454108,,,,,,,,,,,,,,,,,,,,,
IA,1986,2791970,,,,,,,,,,,,,,,,,,,,,
KS,1986,2432619,,,,,,,,,,,,,,,,,,,,,
KY,1986,3687809,,,,,,,,,,,,,,,,,,,,,
LA,1986,4406919,,,,,,,,,,,,,,,,,,,,,
ME,1986,1170126,,,,,,,,,,,,,,,,,,,,,
MD,1986,4486957,,,,,,,,,,,,,,,,,,,,,
MA,1986,5902678,,,,,,,,,,,,,,,,,,,,,
MI,1986,9127775,,,,,,,,,,,,,,,,,,,,,
MN,1986,4205212,,,,,,,,,,,,,,,,,,,,,
MS,1986,2593597,,,,,,,,,,,,,,,,,,,,,
MO,1986,5023068,,,,,,,,,,,,,,,,,,,,,
MT,1986,813739,,,,,,,,,,,,,,,,,,,,,
NE,1986,1574333,,,,,,,,,,,,,,,,,,,,,
NV,1986,980613,,,,,,,,,,,,,,,,,,,,,
NH,1986,1025053,,,,,,,,,,,,,,,,,,,,,
NJ,1986,7622159,,,,,,,,,,,,,,,,,,,,,
NM,1986,1462729,,,,,,,,,,,,,,,,,,,,,
NY,1986,17833419,,,,,,,,,,,,,,,,,,,,,
NC,1986,6321578,,,,,,,,,,,,,,,,,,,,,
ND,1986,669512,,,,,,,,,,,,,,,,,,,,,
OH,1986,10730268,,,,,,,,,,,,,,,,,,,,,
OK,1986,3252735,,,,,,,,,,,,,,,,,,,,,
OR,1986,2683528,,,,,,,,,,,,,,,,,,,,,
PA,1986,11782752,,,,,,,,,,,,,,,,,,,,,
RI,1986,977341,,,,,,,,,,,,,,,,,,,,,
SC,1986,3342758,,,,,,,,,,,,,,,,,,,,,
SD,1986,696034,,,,,,,,,,,,,,,,,,,,,
TN,1986,4738708,,,,,,,,,,,,,,,,,,,,,
TX,1986,16561113,,,,,,,,,,,,,,,,,,,,,
UT,1986,1662834,,,,,,,,,,,,,,,,,,,,,
VT,1986,534066,,,,,,,,,,,,,,,,,,,,,
VA,1986,5811700,,,,,,,,,,,,,,,,,,,,,
WA,1986,4452720,,,,,,,,,,,,,,,,,,,,,
WV,1986,1882350,,,,,,,,,,,,,,,,,,,,,
WI,1986,4755618,,,,,,,,,,,,,,,,,,,,,
WY,1986,495633,,,,,,,,,,,,,,,,,,,,,
AL,1987,4015264,,,,,,,,,,,,,,,,,,,,,
AK,1987,539309,,,,,,,,,,,,,,,,,,,,,
AZ,1987,3437103,,,,,,,,,,,,,,,,,,,,,
AR,1987,2342355,,,,,,,,,,,,,,,,,,,,,
CA,1987,27777158,,,,,,,,,,,,,,,,,,,,,
CO,1987,3260480,,,,,,,,,,,,,,,,,,,,,
CT,1987,3247291,,,,,,,,,,,,,,,,,,,,,
DE,1987,636947,,,,,,,,,,,,,,,,,,,,,
DC,1987,636930,,,,,,,,,,,,,,,,,,,,,
FL,1987,11997283,,,,,,,,,,,,,,,,,,,,,
GA,1987,6208467,,,,,,,,,,,,,,,,,,,,,
HI,1987,1067918,,,,,,,,,,,,,,,,,,,,,
ID,1987,984997,,,,,,,,,,,,,,,,,,,,,
IL,1987,11391178,,,,,,,,,,,,,,,,,,,,,
IN,1987,5473012,,,,,,,,,,,,,,,,,,,,,
IA,1987,2767011,,,,,,,,,,,,,,,,,,,,,
KS,1987,2445367,,,,,,,,,,,,,,,,,,,,,
KY,1987,3683329,,,,,,,,,,,,,,,,,,,,,
LA,1987,4344148,,,,,,,,,,,,,,,,,,,,,
ME,1987,1184574,,,,,,,,,,,,,,,,,,,,,
MD,1987,4565557,,,,,,,,,,,,,,,,,,,,,
MA,1987,5935204,,,,,,,,,,,,,,,,,,,,,
MI,1987,9187481,,,,,,,,,,,,,,,,,,,,,
MN,1987,4235136,,,,,,,,,,,,,,,,,,,,,
MS,1987,2588545,,,,,,,,,,,,,,,,,,,,,
MO,1987,5056696,,,,,,,,,,,,,,,,,,,,,
MT,1987,805063,,,,,,,,,,,,,,,,,,,,,
NE,1987,1566547,,,,,,,,,,,,,,,,,,,,,
NV,1987,1023376,,,,,,,,,,,,,,,,,,,,,
NH,1987,1054289,,,,,,,,,,,,,,,,,,,,,
NJ,1987,7670742,,,,,,,,,,,,,,,,,,,,,
NM,1987,1478520,,,,,,,,,,,,,,,,,,,,,
NY,1987,17868848,,,,,,,,,,,,,,,,,,,,,
NC,1987,6403700,,,,,,,,,,,,,,,,,,,,,
ND,1987,661136,,,,,,,,,,,,,,,,,,,,,
OH,1987,10760090,,,,,,,,,,,,,,,,,,,,,
OK,1987,3210122,,,,,,,,,,,,,,,,,,,,,
OR,1987,2700991,,,,,,,,,,,,,,,,,,,,,
PA,1987,11810866,,,,,,,,,,,,,,,,,,,,,
RI,1987,989604,,,,,,,,,,,,,,,,,,,,,
SC,1987,3380506,,,,,,,,,,,,,,,,,,,,,
SD,1987,696036,,,,,,,,,,,,,,,,,,,,,
TN,1987,4782927,,,,,,,,,,,,,,,,,,,,,
TX,1987,16621791,,,,,,,,,,,,,,,,,,,,,
UT,1987,1678119,,,,,,,,,,,,,,,,,,,,,
VT,1987,540267,,,,,,,,,,,,,,,,,,,,,
VA,1987,5932268,,,,,,,,,,,,,,,,,,,,,
WA,1987,4531901,,,,,,,,,,,,,,,,,,,,,
WV,1987,1857585,,,,,,,,,,,,,,,,,,,,,
WI,1987,4777919,,,,,,,,,,,,,,,,,,,,,
WY,1987,476965,,,,,,,,,,,,,,,,,,,,,
AL,1988,4023844,,,,,,,,,,,,,,,,,,,,,
AK,1988,541983,,,,,,,,,,,,,,,,,,,,,
AZ,1988,3535183,,,,,,,,,,,,,,,,,,,,,
AR,1988,2342656,,,,,,,,,,,,,,,,,,,,,
CA,1988,28464249,,,,,,,,,,,,,,,,,,,,,
CO,1988,3262281,,,,,,,,,,,,,,,,,,,,,
CT,1988,3271953,,,,,,,,,,,,,,,,,,,,,
DE,1988,647622,,,,,,,,,,,,,,,,,,,,,
DC,1988,630432,,,,,,,,,,,,,,,,,,,,,
FL,1988,12306395,,,,,,,,,,,,,,,,,,,,,
GA,1988,6316142,,,,,,,,,,,,,,,,,,,,,
HI,1988,1079828,,,,,,,,,,,,,,,,,,,,,
ID,1988,985664,,,,,,,,,,,,,,,,,,,,,
IL,1988,11390183,,,,,,,,,,,,,,,,,,,,,
IN,1988,5491735,,,,,,,,,,,,,,,,,,,,,
IA,1988,2768388,,,,,,,,,,,,,,,,,,,,,
KS,1988,2461996,,,,,,,,,,,,,,,,,,,,,
KY,1988,3679999,,,,,,,,,,,,,,,,,,,,,
LA,1988,4288863,,,,,,,,,,,,,,,,,,,,,
ME,1988,1203840,,,,,,,,,,,,,,,,,,,,,
MD,1988,4657904,,,,,,,,,,,,,,,,,,,,,
MA,1988,5979982,,,,,,,,,,,,,,,,,,,,,
MI,1988,9217998,,,,,,,,,,,,,,,,,,,,,
MN,1988,4296166,,,,,,,,,,,,,,,,,,,,,
MS,1988,2580352,,,,,,,,,,,,,,,,,,,,,
MO,1988,5081736,,,,,,,,,,,,,,,,,,,,,
MT,1988,800202,,,,,,,,,,,,,,,,,,,,,
NE,1988,1571477,,,,,,,,,,,,,,,,,,,,,
NV,1988,1075022,,,,,,,,,,,,,,,,,,,,,
NH,1988,1082577,,,,,,,,,,,,,,,,,,,,,
NJ,1988,7712333,,,,,,,,,,,,,,,,,,,,,
NM,1988,1490337,,,,,,,,,,,,,,,,,,,,,
NY,1988,17941309,,,,,,,,,,,,,,,,,,,,,
NC,1988,6480594,,,,,,,,,,,,,,,,,,,,,
ND,1988,655331,,,,,,,,,,,,,,,,,,,,,
OH,1988,10798552,,,,,,,,,,,,,,,,,,,,,
OK,1988,3167057,,,,,,,,,,,,,,,,,,,,,
OR,1988,2741297,,,,,,,,,,,,,,,,,,,,,
PA,1988,11845752,,,,,,,,,,,,,,,,,,,,,
RI,1988,996408,,,,,,,,,,,,,,,,,,,,,
SC,1988,3412096,,,,,,,,,,,,,,,,,,,,,
SD,1988,698165,,,,,,,,,,,,,,,,,,,,,
TN,1988,4822437,,,,,,,,,,,,,,,,,,,,,
TX,1988,16667022,,,,,,,,,,,,,,,,,,,,,
UT,1988,1689372,,,,,,,,,,,,,,,,,,,,,
VT,1988,549763,,,,,,,,,,,,,,,,,,,,,
VA,1988,6036909,,,,,,,,,,,,,,,,,,,,,
WA,1988,4639893,,,,,,,,,,,,,,,,,,,,,
WV,1988,1830215,,,,,,,,,,,,,,,,,,,,,
WI,1988,4822388,,,,,,,,,,,,,,,,,,,,,
WY,1988,465101,,,,,,,,,,,,,,,,,,,,,
AL,1989,4030222,,,,,,,,,,,,,,,,,,,,,
AK,1989,547159,,,,,,,,,,,,,,,,,,,,,
AZ,1989,3622185,,,,,,,,,,,,,,,,,,,,,
AR,1989,2346358,,,,,,,,,,,,,,,,,,,,,
CA,1989,29218164,,,,,,,,,,,,,,,,,,,,,
CO,1989,3275818,,,,,,,,,,,,,,,,,,,,,
CT,1989,3283403,,,,,,,,,,,,,,,,,,,,,
DE,1989,658273,,,,,,,,,,,,,,,,,,,,,
DC,1989,624168,,,,,,,,,,,,,,,,,,,,,
FL,1989,12637715,,,,,,,,,,,,,,,,,,,,,
GA,1989,6411099,,,,,,,,,,,,,,,,,,,,,
HI,1989,1094588,,,,,,,,,,,,,,,,,,,,,
ID,1989,994416,,,,,,,,,,,,,,,,,,,,,
IL,1989,11409782,,,,,,,,,,,,,,,,,,,,,
IN,1989,5523693,,,,,,,,,,,,,,,,,,,,,
IA,1989,2770592,,,,,,,,,,,,,,,,,,,,,
KS,1989,2472849,,,,,,,,,,,,,,,,,,,,,
KY,1989,3677306,,,,,,,,,,,,,,,,,,,,,
LA,1989,4252894,,,,,,,,,,,,,,,,,,,,,
ME,1989,1219961,,,,,,,,,,,,,,,,,,,,,
MD,1989,4727301,,,,,,,,,,,,,,,,,,,,,
MA,1989,6015478,,,,,,,,,,,,,,,,,,,,,
MI,1989,9253295,,,,,,,,,,,,,,,,,,,,,
MN,1989,4338057,,,,,,,,,,,,,,,,,,,,,
MS,1989,2574269,,,,,,,,,,,,,,,,,,,,,
MO,1989,5095830,,,,,,,,,,,,,,,,,,,,,
MT,1989,799636,,,,,,,,,,,,,,,,,,,,,
NE,1989,1574864,,,,,,,,,,,,,,,,,,,,,
NV,1989,1137382,,,,,,,,,,,,,,,,,,,,,
NH,1989,1104522,,,,,,,,,,,,,,,,,,,,,
NJ,1989,7726089,,,,,,,,,,,,,,,,,,,,,
NM,1989,1503901,,,,,,,,,,,,,,,,,,,,,
NY,1989,17983086,,,,,,,,,,,,,,,,,,,,,
NC,1989,6565459,,,,,,,,,,,,,,,,,,,,,
ND,1989,646351,,,,,,,,,,,,,,,,,,,,,
OH,1989,10829217,,,,,,,,,,,,,,,,,,,,,
OK,1989,3150307,,,,,,,,,,,,,,,,,,,,,
OR,1989,2790575,,,,,,,,,,,,,,,,,,,,,
PA,1989,11865996,,,,,,,,,,,,,,,,,,,,,
RI,1989,1000666,,,,,,,,,,,,,,,,,,,,,
SC,1989,3456775,,,,,,,,,,,,,,,,,,,,,
SD,1989,696701,,,,,,,,,,,,,,,,,,,,,
TN,1989,4854444,,,,,,,,,,,,,,,,,,,,,
TX,1989,16806735,,,,,,,,,,,,,,,,,,,,,
UT,1989,1705864,,,,,,,,,,,,,,,,,,,,,
VT,1989,557707,,,,,,,,,,,,,,,,,,,,,
VA,1989,6120246,,,,,,,,,,,,,,,,,,,,,
WA,1989,4746316,,,,,,,,,,,,,,,,,,,,,
WV,1989,1806568,,,,,,,,,,,,,,,,,,,,,
WI,1989,4856574,,,,,,,,,,,,,,,,,,,,,
WY,1989,458374,,,,,,,,,,,,,,,,,,,,,
AL,1999,4369862,,,,,,,,,,,,,,,,,,,,,
AK,1999,619500,,,,,,,,,,,,,,,,,,,,,
AZ,1999,4778332,,,,,,,,,,,,,,,,,,,,,
AR,1999,2551373,,,,,,,,,,,,,,,,,,,,,
CA,1999,33145121,,,,,,,,,,,,,,,,,,,,,
CO,1999,4056133,,,,,,,,,,,,,,,,,,,,,
CT,1999,3282031,,,,,,,,,,,,,,,,,,,,,
DE,1999,753538,,,,,,,,,,,,,,,,,,,,,
DC,1999,519000,,,,,,,,,,,,,,,,,,,,,
FL,1999,15111244,,,,,,,,,,,,,,,,,,,,,
GA,1999,7788240,,,,,,,,,,,,,,,,,,,,,
HI,1999,1185497,,,,,,,,,,,,,,,,,,,,,
ID,1999,1251700,,,,,,,,,,,,,,,,,,,,,
IL,1999,12128370,,,,,,,,,,,,,,,,,,,,,
IN,1999,5942901,,,,,,,,,,,,,,,,,,,,,
IA,1999,2869413,,,,,,,,,,,,,,,,,,,,,
KS,1999,2654052,,,,,,,,,,,,,,,,,,,,,
KY,1999,3960825,,,,,,,,,,,,,,,,,,,,,
LA,1999,4372035,,,,,,,,,,,,,,,,,,,,,
ME,1999,1253040,,,,,,,,,,,,,,,,,,,,,
MD,1999,5171634,,,,,,,,,,,,,,,,,,,,,
MA,1999,6175169,,,,,,,,,,,,,,,,,,,,,
MI,1999,9863775,,,,,,,,,,,,,,,,,,,,,
MN,1999,4775508,,,,,,,,,,,,,,,,,,,,,
MS,1999,2768619,,,,,,,,,,,,,,,,,,,,,
MO,1999,5468338,,,,,,,,,,,,,,,,,,,,,
MT,1999,882779,,,,,,,,,,,,,,,,,,,,,
NE,1999,1666028,,,,,,,,,,,,,,,,,,,,,
NV,1999,1809253,,,,,,,,,,,,,,,,,,,,,
NH,1999,1201134,,,,,,,,,,,,,,,,,,,,,
NJ,1999,8143412,,,,,,,,,,,,,,,,,,,,,
NM,1999,1739844,,,,,,,,,,,,,,,,,,,,,
NY,1999,18196601,,,,,,,,,,,,,,,,,,,,,
NC,1999,7650789,,,,,,,,,,,,,,,,,,,,,
ND,1999,633666,,,,,,,,,,,,,,,,,,,,,
OH,1999,11256654,,,,,,,,,,,,,,,,,,,,,
OK,1999,3358044,,,,,,,,,,,,,,,,,,,,,
OR,1999,3316154,,,,,,,,,,,,,,,,,,,,,
PA,1999,11994016,,,,,,,,,,,,,,,,,,,,,
RI,1999,990819,,,,,,,,,,,,,,,,,,,,,
SC,1999,3885736,,,,,,,,,,,,,,,,,,,,,
SD,1999,733133,,,,,,,,,,,,,,,,,,,,,
TN,1999,5483535,,,,,,,,,,,,,,,,,,,,,
TX,1999,20044141,,,,,,,,,,,,,,,,,,,,,
UT,1999,2129836,,,,,,,,,,,,,,,,,,,,,
VT,1999,593740,,,,,,,,,,,,,,,,,,,,,
VA,1999,6872912,,,,,,,,,,,,,,,,,,,,,
WA,1999,5756361,,,,,,,,,,,,,,,,,,,,,
WV,1999,1806928,,,,,,,,,,,,,,,,,,,,,
WI,1999,5250446,,,,,,,,,,,,,,,,,,,,,
WY,1999,479602,,,,,,,,,,,,,,,,,,,,,
AL,1998,4351037,,,,,,,,,,,,,,,,,,,,,
AK,1998,615205,,,,,,,,,,,,,,,,,,,,,
AZ,1998,4667277,,,,,,,,,,,,,,,,,,,,,
AR,1998,2538202,,,,,,,,,,,,,,,,,,,,,
CA,1998,32682794,,,,,,,,,,,,,,,,,,,,,
CO,1998,3968967,,,,,,,,,,,,,,,,,,,,,
CT,1998,3272563,,,,,,,,,,,,,,,,,,,,,
DE,1998,744066,,,,,,,,,,,,,,,,,,,,,
DC,1998,521426,,,,,,,,,,,,,,,,,,,,,
FL,1998,14908230,,,,,,,,,,,,,,,,,,,,,
GA,1998,7636522,,,,,,,,,,,,,,,,,,,,,
HI,1998,1190472,,,,,,,,,,,,,,,,,,,,,
ID,1998,1230923,,,,,,,,,,,,,,,,,,,,,
IL,1998,12069774,,,,,,,,,,,,,,,,,,,,,
IN,1998,5907617,,,,,,,,,,,,,,,,,,,,,
IA,1998,2861025,,,,,,,,,,,,,,,,,,,,,
KS,1998,2638667,,,,,,,,,,,,,,,,,,,,,
KY,1998,3934310,,,,,,,,,,,,,,,,,,,,,
LA,1998,4362758,,,,,,,,,,,,,,,,,,,,,
ME,1998,1247554,,,,,,,,,,,,,,,,,,,,,
MD,1998,5130072,,,,,,,,,,,,,,,,,,,,,
MA,1998,6144407,,,,,,,,,,,,,,,,,,,,,
MI,1998,9820231,,,,,,,,,,,,,,,,,,,,,
MN,1998,4726411,,,,,,,,,,,,,,,,,,,,,
MS,1998,2751335,,,,,,,,,,,,,,,,,,,,,
MO,1998,5437562,,,,,,,,,,,,,,,,,,,,,
MT,1998,879533,,,,,,,,,,,,,,,,,,,,,
NE,1998,1660772,,,,,,,,,,,,,,,,,,,,,
NV,1998,1743772,,,,,,,,,,,,,,,,,,,,,
NH,1998,1185823,,,,,,,,,,,,,,,,,,,,,
NJ,1998,8095542,,,,,,,,,,,,,,,,,,,,,
NM,1998,1733535,,,,,,,,,,,,,,,,,,,,,
NY,1998,18159175,,,,,,,,,,,,,,,,,,,,,
NC,1998,7545828,,,,,,,,,,,,,,,,,,,,,
ND,1998,637808,,,,,,,,,,,,,,,,,,,,,
OH,1998,11237752,,,,,,,,,,,,,,,,,,,,,
OK,1998,3339478,,,,,,,,,,,,,,,,,,,,,
OR,1998,3282055,,,,,,,,,,,,,,,,,,,,,
PA,1998,12002329,,,,,,,,,,,,,,,,,,,,,
RI,1998,987704,,,,,,,,,,,,,,,,,,,,,
SC,1998,3839578,,,,,,,,,,,,,,,,,,,,,
SD,1998,730789,,,,,,,,,,,,,,,,,,,,,
TN,1998,5432679,,,,,,,,,,,,,,,,,,,,,
TX,1998,19712389,,,,,,,,,,,,,,,,,,,,,
UT,1998,2100562,,,,,,,,,,,,,,,,,,,,,
VT,1998,590579,,,,,,,,,,,,,,,,,,,,,
VA,1998,6789225,,,,,,,,,,,,,,,,,,,,,
WA,1998,5687832,,,,,,,,,,,,,,,,,,,,,
WV,1998,1811688,,,,,,,,,,,,,,,,,,,,,
WI,1998,5222124,,,,,,,,,,,,,,,,,,,,,
WY,1998,480045,,,,,,,,,,,,,,,,,,,,,
AL,1997,4320281,,,,,,,,,,,,,,,,,,,,,
AK,1997,608846,,,,,,,,,,,,,,,,,,,,,
AZ,1997,4552207,,,,,,,,,,,,,,,,,,,,,
AR,1997,2524007,,,,,,,,,,,,,,,,,,,,,
CA,1997,32217708,,,,,,,,,,,,,,,,,,,,,
CO,1997,3891293,,,,,,,,,,,,,,,,,,,,,
CT,1997,3268514,,,,,,,,,,,,,,,,,,,,,
DE,1997,735024,,,,,,,,,,,,,,,,,,,,,
DC,1997,528752,,,,,,,,,,,,,,,,,,,,,
FL,1997,14683350,,,,,,,,,,,,,,,,,,,,,
GA,1997,7486094,,,,,,,,,,,,,,,,,,,,,
HI,1997,1189322,,,,,,,,,,,,,,,,,,,,,
ID,1997,1210638,,,,,,,,,,,,,,,,,,,,,
IL,1997,12011509,,,,,,,,,,,,,,,,,,,,,
IN,1997,5872370,,,,,,,,,,,,,,,,,,,,,
IA,1997,2854396,,,,,,,,,,,,,,,,,,,,,
KS,1997,2616339,,,,,,,,,,,,,,,,,,,,,
KY,1997,3907816,,,,,,,,,,,,,,,,,,,,,
LA,1997,4351390,,,,,,,,,,,,,,,,,,,,,
ME,1997,1245215,,,,,,,,,,,,,,,,,,,,,
MD,1997,5092914,,,,,,,,,,,,,,,,,,,,,
MA,1997,6115476,,,,,,,,,,,,,,,,,,,,,
MI,1997,9785450,,,,,,,,,,,,,,,,,,,,,
MN,1997,4687726,,,,,,,,,,,,,,,,,,,,,
MS,1997,2731826,,,,,,,,,,,,,,,,,,,,,
MO,1997,5407113,,,,,,,,,,,,,,,,,,,,,
MT,1997,878706,,,,,,,,,,,,,,,,,,,,,
NE,1997,1656042,,,,,,,,,,,,,,,,,,,,,
NV,1997,1675581,,,,,,,,,,,,,,,,,,,,,
NH,1997,1173239,,,,,,,,,,,,,,,,,,,,,
NJ,1997,8054178,,,,,,,,,,,,,,,,,,,,,
NM,1997,1722939,,,,,,,,,,,,,,,,,,,,,
NY,1997,18143184,,,,,,,,,,,,,,,,,,,,,
NC,1997,7428672,,,,,,,,,,,,,,,,,,,,,
ND,1997,640945,,,,,,,,,,,,,,,,,,,,,
OH,1997,11212498,,,,,,,,,,,,,,,,,,,,,
OK,1997,3314259,,,,,,,,,,,,,,,,,,,,,
OR,1997,3243254,,,,,,,,,,,,,,,,,,,,,
PA,1997,12015888,,,,,,,,,,,,,,,,,,,,,
RI,1997,986966,,,,,,,,,,,,,,,,,,,,,
SC,1997,3790066,,,,,,,,,,,,,,,,,,,,,
SD,1997,730855,,,,,,,,,,,,,,,,,,,,,
TN,1997,5378433,,,,,,,,,,,,,,,,,,,,,
TX,1997,19355427,,,,,,,,,,,,,,,,,,,,,
UT,1997,2065397,,,,,,,,,,,,,,,,,,,,,
VT,1997,588665,,,,,,,,,,,,,,,,,,,,,
VA,1997,6732878,,,,,,,,,,,,,,,,,,,,,
WA,1997,5604105,,,,,,,,,,,,,,,,,,,,,
WV,1997,1815588,,,,,,,,,,,,,,,,,,,,,
WI,1997,5200235,,,,,,,,,,,,,,,,,,,,,
WY,1997,480031,,,,,,,,,,,,,,,,,,,,,
AL,1996,4290403,,,,,,,,,,,,,,,,,,,,,
AK,1996,604918,,,,,,,,,,,,,,,,,,,,,
AZ,1996,4432308,,,,,,,,,,,,,,,,,,,,,
AR,1996,2504858,,,,,,,,,,,,,,,,,,,,,
CA,1996,31780829,,,,,,,,,,,,,,,,,,,,,
CO,1996,3812716,,,,,,,,,,,,,,,,,,,,,
CT,1996,3267030,,,,,,,,,,,,,,,,,,,,,
DE,1996,727090,,,,,,,,,,,,,,,,,,,,,
DC,1996,538273,,,,,,,,,,,,,,,,,,,,,
FL,1996,14426911,,,,,,,,,,,,,,,,,,,,,
GA,1996,7332225,,,,,,,,,,,,,,,,,,,,,
HI,1996,1184434,,,,,,,,,,,,,,,,,,,,,
ID,1996,1187706,,,,,,,,,,,,,,,,,,,,,
IL,1996,11953003,,,,,,,,,,,,,,,,,,,,,
IN,1996,5834908,,,,,,,,,,,,,,,,,,,,,
IA,1996,2848473,,,,,,,,,,,,,,,,,,,,,
KS,1996,2598266,,,,,,,,,,,,,,,,,,,,,
KY,1996,3881051,,,,,,,,,,,,,,,,,,,,,
LA,1996,4338763,,,,,,,,,,,,,,,,,,,,,
ME,1996,1241436,,,,,,,,,,,,,,,,,,,,,
MD,1996,5057142,,,,,,,,,,,,,,,,,,,,,
MA,1996,6085393,,,,,,,,,,,,,,,,,,,,,
MI,1996,9739184,,,,,,,,,,,,,,,,,,,,,
MN,1996,4647723,,,,,,,,,,,,,,,,,,,,,
MS,1996,2709925,,,,,,,,,,,,,,,,,,,,,
MO,1996,5367888,,,,,,,,,,,,,,,,,,,,,
MT,1996,876656,,,,,,,,,,,,,,,,,,,,,
NE,1996,1647657,,,,,,,,,,,,,,,,,,,,,
NV,1996,1596476,,,,,,,,,,,,,,,,,,,,,
NH,1996,1160768,,,,,,,,,,,,,,,,,,,,,
NJ,1996,8009624,,,,,,,,,,,,,,,,,,,,,
NM,1996,1706151,,,,,,,,,,,,,,,,,,,,,
NY,1996,18143805,,,,,,,,,,,,,,,,,,,,,
NC,1996,7307658,,,,,,,,,,,,,,,,,,,,,
ND,1996,642858,,,,,,,,,,,,,,,,,,,,,
OH,1996,11187032,,,,,,,,,,,,,,,,,,,,,
OK,1996,3289634,,,,,,,,,,,,,,,,,,,,,
OR,1996,3195087,,,,,,,,,,,,,,,,,,,,,
PA,1996,12038008,,,,,,,,,,,,,,,,,,,,,
RI,1996,987858,,,,,,,,,,,,,,,,,,,,,
SC,1996,3738974,,,,,,,,,,,,,,,,,,,,,
SD,1996,730699,,,,,,,,,,,,,,,,,,,,,
TN,1996,5313576,,,,,,,,,,,,,,,,,,,,,
TX,1996,19006240,,,,,,,,,,,,,,,,,,,,,
UT,1996,2022253,,,,,,,,,,,,,,,,,,,,,
VT,1996,586352,,,,,,,,,,,,,,,,,,,,,
VA,1996,6665491,,,,,,,,,,,,,,,,,,,,,
WA,1996,5509963,,,,,,,,,,,,,,,,,,,,,
WV,1996,1818983,,,,,,,,,,,,,,,,,,,,,
WI,1996,5173828,,,,,,,,,,,,,,,,,,,,,
WY,1996,480085,,,,,,,,,,,,,,,,,,,,,
AL,1995,4262731,,,,,,,,,,,,,,,,,,,,,
AK,1995,601345,,,,,,,,,,,,,,,,,,,,,
AZ,1995,4306908,,,,,,,,,,,,,,,,,,,,,
AR,1995,2480121,,,,,,,,,,,,,,,,,,,,,
CA,1995,31493525,,,,,,,,,,,,,,,,,,,,,
CO,1995,3738061,,,,,,,,,,,,,,,,,,,,,
CT,1995,3265293,,,,,,,,,,,,,,,,,,,,,
DE,1995,718265,,,,,,,,,,,,,,,,,,,,,
DC,1995,551273,,,,,,,,,,,,,,,,,,,,,
FL,1995,14185403,,,,,,,,,,,,,,,,,,,,,
GA,1995,7188538,,,,,,,,,,,,,,,,,,,,,
HI,1995,1180490,,,,,,,,,,,,,,,,,,,,,
ID,1995,1165000,,,,,,,,,,,,,,,,,,,,,
IL,1995,11884935,,,,,,,,,,,,,,,,,,,,,
IN,1995,5791819,,,,,,,,,,,,,,,,,,,,,
IA,1995,2840860,,,,,,,,,,,,,,,,,,,,,
KS,1995,2586942,,,,,,,,,,,,,,,,,,,,,
KY,1995,3855248,,,,,,,,,,,,,,,,,,,,,
LA,1995,4327978,,,,,,,,,,,,,,,,,,,,,
ME,1995,1237438,,,,,,,,,,,,,,,,,,,,,
MD,1995,5023650,,,,,,,,,,,,,,,,,,,,,
MA,1995,6062335,,,,,,,,,,,,,,,,,,,,,
MI,1995,9659871,,,,,,,,,,,,,,,,,,,,,
MN,1995,4605445,,,,,,,,,,,,,,,,,,,,,
MS,1995,2690788,,,,,,,,,,,,,,,,,,,,,
MO,1995,5324610,,,,,,,,,,,,,,,,,,,,,
MT,1995,868522,,,,,,,,,,,,,,,,,,,,,
NE,1995,1635142,,,,,,,,,,,,,,,,,,,,,
NV,1995,1525777,,,,,,,,,,,,,,,,,,,,,
NH,1995,1145604,,,,,,,,,,,,,,,,,,,,,
NJ,1995,7965523,,,,,,,,,,,,,,,,,,,,,
NM,1995,1682417,,,,,,,,,,,,,,,,,,,,,
NY,1995,18150928,,,,,,,,,,,,,,,,,,,,,
NC,1995,7185403,,,,,,,,,,,,,,,,,,,,,
ND,1995,641548,,,,,,,,,,,,,,,,,,,,,
OH,1995,11155493,,,,,,,,,,,,,,,,,,,,,
OK,1995,3265547,,,,,,,,,,,,,,,,,,,,,
OR,1995,3141421,,,,,,,,,,,,,,,,,,,,,
PA,1995,12044780,,,,,,,,,,,,,,,,,,,,,
RI,1995,989203,,,,,,,,,,,,,,,,,,,,,
SC,1995,3699943,,,,,,,,,,,,,,,,,,,,,
SD,1995,728251,,,,,,,,,,,,,,,,,,,,,
TN,1995,5241168,,,,,,,,,,,,,,,,,,,,,
TX,1995,18679706,,,,,,,,,,,,,,,,,,,,,
UT,1995,1976774,,,,,,,,,,,,,,,,,,,,,
VT,1995,582827,,,,,,,,,,,,,,,,,,,,,
VA,1995,6601392,,,,,,,,,,,,,,,,,,,,,
WA,1995,5431024,,,,,,,,,,,,,,,,,,,,,
WV,1995,1820560,,,,,,,,,,,,,,,,,,,,,
WI,1995,5137004,,,,,,,,,,,,,,,,,,,,,
WY,1995,478447,,,,,,,,,,,,,,,,,,,,,
AL,1994,4232965,,,,,,,,,,,,,,,,,,,,,
AK,1994,600624,,,,,,,,,,,,,,,,,,,,,
AZ,1994,4147561,,,,,,,,,,,,,,,,,,,,,
AR,1994,2450605,,,,,,,,,,,,,,,,,,,,,
CA,1994,31317179,,,,,,,,,,,,,,,,,,,,,
CO,1994,3653910,,,,,,,,,,,,,,,,,,,,,
CT,1994,3268346,,,,,,,,,,,,,,,,,,,,,
DE,1994,708416,,,,,,,,,,,,,,,,,,,,,
DC,1994,564982,,,,,,,,,,,,,,,,,,,,,
FL,1994,13961798,,,,,,,,,,,,,,,,,,,,,
GA,1994,7045900,,,,,,,,,,,,,,,,,,,,,
HI,1994,1173903,,,,,,,,,,,,,,,,,,,,,
ID,1994,1135459,,,,,,,,,,,,,,,,,,,,,
IL,1994,11804986,,,,,,,,,,,,,,,,,,,,,
IN,1994,5745626,,,,,,,,,,,,,,,,,,,,,
IA,1994,2829422,,,,,,,,,,,,,,,,,,,,,
KS,1994,2569118,,,,,,,,,,,,,,,,,,,,,
KY,1994,3823215,,,,,,,,,,,,,,,,,,,,,
LA,1994,4306500,,,,,,,,,,,,,,,,,,,,,
ME,1994,1237687,,,,,,,,,,,,,,,,,,,,,
MD,1994,4985411,,,,,,,,,,,,,,,,,,,,,
MA,1994,6031352,,,,,,,,,,,,,,,,,,,,,
MI,1994,9584481,,,,,,,,,,,,,,,,,,,,,
MN,1994,4566028,,,,,,,,,,,,,,,,,,,,,
MS,1994,2663450,,,,,,,,,,,,,,,,,,,,,
MO,1994,5281206,,,,,,,,,,,,,,,,,,,,,
MT,1994,854923,,,,,,,,,,,,,,,,,,,,,
NE,1994,1621551,,,,,,,,,,,,,,,,,,,,,
NV,1994,1456388,,,,,,,,,,,,,,,,,,,,,
NH,1994,1133054,,,,,,,,,,,,,,,,,,,,,
NJ,1994,7918796,,,,,,,,,,,,,,,,,,,,,
NM,1994,1653329,,,,,,,,,,,,,,,,,,,,,
NY,1994,18156652,,,,,,,,,,,,,,,,,,,,,
NC,1994,7060959,,,,,,,,,,,,,,,,,,,,,
ND,1994,639762,,,,,,,,,,,,,,,,,,,,,
OH,1994,11111451,,,,,,,,,,,,,,,,,,,,,
OK,1994,3246119,,,,,,,,,,,,,,,,,,,,,
OR,1994,3087142,,,,,,,,,,,,,,,,,,,,,
PA,1994,12042545,,,,,,,,,,,,,,,,,,,,,
RI,1994,993412,,,,,,,,,,,,,,,,,,,,,
SC,1994,3666456,,,,,,,,,,,,,,,,,,,,,
SD,1994,723038,,,,,,,,,,,,,,,,,,,,,
TN,1994,5163016,,,,,,,,,,,,,,,,,,,,,
TX,1994,18338319,,,,,,,,,,,,,,,,,,,,,
UT,1994,1930436,,,,,,,,,,,,,,,,,,,,,
VT,1994,578900,,,,,,,,,,,,,,,,,,,,,
VA,1994,6536771,,,,,,,,,,,,,,,,,,,,,
WA,1994,5334896,,,,,,,,,,,,,,,,,,,,,
WV,1994,1818490,,,,,,,,,,,,,,,,,,,,,
WI,1994,5095504,,,,,,,,,,,,,,,,,,,,,
WY,1994,474982,,,,,,,,,,,,,,,,,,,,,
AL,1993,4193114,,,,,,,,,,,,,,,,,,,,,
AK,1993,596993,,,,,,,,,,,,,,,,,,,,,
AZ,1993,3993390,,,,,,,,,,,,,,,,,,,,,
AR,1993,2423743,,,,,,,,,,,,,,,,,,,,,
CA,1993,31147208,,,,,,,,,,,,,,,,,,,,,
CO,1993,3560884,,,,,,,,,,,,,,,,,,,,,
CT,1993,3272325,,,,,,,,,,,,,,,,,,,,,
DE,1993,699475,,,,,,,,,,,,,,,,,,,,,
DC,1993,576358,,,,,,,,,,,,,,,,,,,,,
FL,1993,13713593,,,,,,,,,,,,,,,,,,,,,
GA,1993,6894092,,,,,,,,,,,,,,,,,,,,,
HI,1993,1161508,,,,,,,,,,,,,,,,,,,,,
ID,1993,1101204,,,,,,,,,,,,,,,,,,,,,
IL,1993,11725984,,,,,,,,,,,,,,,,,,,,,
IN,1993,5701965,,,,,,,,,,,,,,,,,,,,,
IA,1993,2820525,,,,,,,,,,,,,,,,,,,,,
KS,1993,2547605,,,,,,,,,,,,,,,,,,,,,
KY,1993,3792288,,,,,,,,,,,,,,,,,,,,,
LA,1993,4284749,,,,,,,,,,,,,,,,,,,,,
ME,1993,1238256,,,,,,,,,,,,,,,,,,,,,
MD,1993,4942504,,,,,,,,,,,,,,,,,,,,,
MA,1993,6010884,,,,,,,,,,,,,,,,,,,,,
MI,1993,9529240,,,,,,,,,,,,,,,,,,,,,
MN,1993,4521709,,,,,,,,,,,,,,,,,,,,,
MS,1993,2635574,,,,,,,,,,,,,,,,,,,,,
MO,1993,5237757,,,,,,,,,,,,,,,,,,,,,
MT,1993,839876,,,,,,,,,,,,,,,,,,,,,
NE,1993,1612149,,,,,,,,,,,,,,,,,,,,,
NV,1993,1380197,,,,,,,,,,,,,,,,,,,,,
NH,1993,1122191,,,,,,,,,,,,,,,,,,,,,
NJ,1993,7874891,,,,,,,,,,,,,,,,,,,,,
NM,1993,1614937,,,,,,,,,,,,,,,,,,,,,
NY,1993,18140894,,,,,,,,,,,,,,,,,,,,,
NC,1993,6947412,,,,,,,,,,,,,,,,,,,,,
ND,1993,637229,,,,,,,,,,,,,,,,,,,,,
OH,1993,11070385,,,,,,,,,,,,,,,,,,,,,
OK,1993,3228829,,,,,,,,,,,,,,,,,,,,,
OR,1993,3034490,,,,,,,,,,,,,,,,,,,,,
PA,1993,12022128,,,,,,,,,,,,,,,,,,,,,
RI,1993,997852,,,,,,,,,,,,,,,,,,,,,
SC,1993,3634507,,,,,,,,,,,,,,,,,,,,,
SD,1993,716258,,,,,,,,,,,,,,,,,,,,,
TN,1993,5085666,,,,,,,,,,,,,,,,,,,,,
TX,1993,17996764,,,,,,,,,,,,,,,,,,,,,
UT,1993,1875993,,,,,,,,,,,,,,,,,,,,,
VT,1993,574004,,,,,,,,,,,,,,,,,,,,,
VA,1993,6464795,,,,,,,,,,,,,,,,,,,,,
WA,1993,5247704,,,,,,,,,,,,,,,,,,,,,
WV,1993,1816179,,,,,,,,,,,,,,,,,,,,,
WI,1993,5055318,,,,,,,,,,,,,,,,,,,,,
WY,1993,469033,,,,,,,,,,,,,,,,,,,,,
AL,1992,4139269,,,,,,,,,,,,,,,,,,,,,
AK,1992,587073,,,,,,,,,,,,,,,,,,,,,
AZ,1992,3867333,,,,,,,,,,,,,,,,,,,,,
AR,1992,2394098,,,,,,,,,,,,,,,,,,,,,
CA,1992,30875920,,,,,,,,,,,,,,,,,,,,,
CO,1992,3459995,,,,,,,,,,,,,,,,,,,,,
CT,1992,3274997,,,,,,,,,,,,,,,,,,,,,
DE,1992,690158,,,,,,,,,,,,,,,,,,,,,
DC,1992,584183,,,,,,,,,,,,,,,,,,,,,
FL,1992,13504775,,,,,,,,,,,,,,,,,,,,,
GA,1992,6759474,,,,,,,,,,,,,,,,,,,,,
HI,1992,1149926,,,,,,,,,,,,,,,,,,,,,
ID,1992,1066490,,,,,,,,,,,,,,,,,,,,,
IL,1992,11635197,,,,,,,,,,,,,,,,,,,,,
IN,1992,5648649,,,,,,,,,,,,,,,,,,,,,
IA,1992,2806923,,,,,,,,,,,,,,,,,,,,,
KS,1992,2526042,,,,,,,,,,,,,,,,,,,,,
KY,1992,3756358,,,,,,,,,,,,,,,,,,,,,
LA,1992,4270849,,,,,,,,,,,,,,,,,,,,,
ME,1992,1235748,,,,,,,,,,,,,,,,,,,,,
MD,1992,4902545,,,,,,,,,,,,,,,,,,,,,
MA,1992,5993474,,,,,,,,,,,,,,,,,,,,,
MI,1992,9470323,,,,,,,,,,,,,,,,,,,,,
MN,1992,4471503,,,,,,,,,,,,,,,,,,,,,
MS,1992,2610193,,,,,,,,,,,,,,,,,,,,,
MO,1992,5193686,,,,,,,,,,,,,,,,,,,,,
MT,1992,822436,,,,,,,,,,,,,,,,,,,,,
NE,1992,1602406,,,,,,,,,,,,,,,,,,,,,
NV,1992,1330694,,,,,,,,,,,,,,,,,,,,,
NH,1992,1112766,,,,,,,,,,,,,,,,,,,,,
NJ,1992,7827770,,,,,,,,,,,,,,,,,,,,,
NM,1992,1580750,,,,,,,,,,,,,,,,,,,,,
NY,1992,18082032,,,,,,,,,,,,,,,,,,,,,
NC,1992,6831850,,,,,,,,,,,,,,,,,,,,,
ND,1992,635427,,,,,,,,,,,,,,,,,,,,,
OH,1992,11007609,,,,,,,,,,,,,,,,,,,,,
OK,1992,3204174,,,,,,,,,,,,,,,,,,,,,
OR,1992,2973934,,,,,,,,,,,,,,,,,,,,,
PA,1992,11980819,,,,,,,,,,,,,,,,,,,,,
RI,1992,1000571,,,,,,,,,,,,,,,,,,,,,
SC,1992,3600576,,,,,,,,,,,,,,,,,,,,,
SD,1992,708698,,,,,,,,,,,,,,,,,,,,,
TN,1992,5013999,,,,,,,,,,,,,,,,,,,,,
TX,1992,17650479,,,,,,,,,,,,,,,,,,,,,
UT,1992,1821498,,,,,,,,,,,,,,,,,,,,,
VT,1992,570115,,,,,,,,,,,,,,,,,,,,,
VA,1992,6383315,,,,,,,,,,,,,,,,,,,,,
WA,1992,5139011,,,,,,,,,,,,,,,,,,,,,
WV,1992,1805462,,,,,,,,,,,,,,,,,,,,,
WI,1992,5004636,,,,,,,,,,,,,,,,,,,,,
WY,1992,463491,,,,,,,,,,,,,,,,,,,,,
AL,1991,4091025,,,,,,,,,,,,,,,,,,,,,
AK,1991,569273,,,,,,,,,,,,,,,,,,,,,
AZ,1991,3762394,,,,,,,,,,,,,,,,,,,,,
AR,1991,2370666,,,,,,,,,,,,,,,,,,,,,
CA,1991,30414114,,,,,,,,,,,,,,,,,,,,,
CO,1991,3367567,,,,,,,,,,,,,,,,,,,,,
CT,1991,3288640,,,,,,,,,,,,,,,,,,,,,
DE,1991,680495,,,,,,,,,,,,,,,,,,,,,
DC,1991,593239,,,,,,,,,,,,,,,,,,,,,
FL,1991,13289497,,,,,,,,,,,,,,,,,,,,,
GA,1991,6621279,,,,,,,,,,,,,,,,,,,,,
HI,1991,1131412,,,,,,,,,,,,,,,,,,,,,
ID,1991,1038915,,,,,,,,,,,,,,,,,,,,,
IL,1991,11535973,,,,,,,,,,,,,,,,,,,,,
IN,1991,5602062,,,,,,,,,,,,,,,,,,,,,
IA,1991,2791227,,,,,,,,,,,,,,,,,,,,,
KS,1991,2495209,,,,,,,,,,,,,,,,,,,,,
KY,1991,3714686,,,,,,,,,,,,,,,,,,,,,
LA,1991,4240950,,,,,,,,,,,,,,,,,,,,,
ME,1991,1235439,,,,,,,,,,,,,,,,,,,,,
MD,1991,4856176,,,,,,,,,,,,,,,,,,,,,
MA,1991,5998652,,,,,,,,,,,,,,,,,,,,,
MI,1991,9395022,,,,,,,,,,,,,,,,,,,,,
MN,1991,4427429,,,,,,,,,,,,,,,,,,,,,
MS,1991,2591230,,,,,,,,,,,,,,,,,,,,,
MO,1991,5157770,,,,,,,,,,,,,,,,,,,,,
MT,1991,807837,,,,,,,,,,,,,,,,,,,,,
NE,1991,1590805,,,,,,,,,,,,,,,,,,,,,
NV,1991,1285046,,,,,,,,,,,,,,,,,,,,,
NH,1991,1107055,,,,,,,,,,,,,,,,,,,,,
NJ,1991,7784269,,,,,,,,,,,,,,,,,,,,,
NM,1991,1547115,,,,,,,,,,,,,,,,,,,,,
NY,1991,18029532,,,,,,,,,,,,,,,,,,,,,
NC,1991,6748135,,,,,,,,,,,,,,,,,,,,,
ND,1991,634199,,,,,,,,,,,,,,,,,,,,,
OH,1991,10933683,,,,,,,,,,,,,,,,,,,,,
OK,1991,3166471,,,,,,,,,,,,,,,,,,,,,
OR,1991,2918745,,,,,,,,,,,,,,,,,,,,,
PA,1991,11943160,,,,,,,,,,,,,,,,,,,,,
RI,1991,1003990,,,,,,,,,,,,,,,,,,,,,
SC,1991,3559470,,,,,,,,,,,,,,,,,,,,,
SD,1991,701445,,,,,,,,,,,,,,,,,,,,,
TN,1991,4946886,,,,,,,,,,,,,,,,,,,,,
TX,1991,17339904,,,,,,,,,,,,,,,,,,,,,
UT,1991,1771941,,,,,,,,,,,,,,,,,,,,,
VT,1991,567141,,,,,,,,,,,,,,,,,,,,,
VA,1991,6283853,,,,,,,,,,,,,,,,,,,,,
WA,1991,5013443,,,,,,,,,,,,,,,,,,,,,
WV,1991,1798212,,,,,,,,,,,,,,,,,,,,,
WI,1991,4952675,,,,,,,,,,,,,,,,,,,,,
WY,1991,457739,,,,,,,,,,,,,,,,,,,,,
AL,1990,4048508,,,,,,,,,,,,,,,,,,,,,
AK,1990,553120,,,,,,,,,,,,,,,,,,,,,
AZ,1990,3679056,,,,,,,,,,,,,,,,,,,,,
AR,1990,2354343,,,,,,,,,,,,,,,,,,,,,
CA,1990,29950111,,,,,,,,,,,,,,,,,,,,,
CO,1990,3303862,,,,,,,,,,,,,,,,,,,,,
CT,1990,3289056,,,,,,,,,,,,,,,,,,,,,
DE,1990,669063,,,,,,,,,,,,,,,,,,,,,
DC,1990,603814,,,,,,,,,,,,,,,,,,,,,
FL,1990,13018365,,,,,,,,,,,,,,,,,,,,,
GA,1990,6506531,,,,,,,,,,,,,,,,,,,,,
HI,1990,1112703,,,,,,,,,,,,,,,,,,,,,
ID,1990,1011882,,,,,,,,,,,,,,,,,,,,,
IL,1990,11446979,,,,,,,,,,,,,,,,,,,,,
IN,1990,5555097,,,,,,,,,,,,,,,,,,,,,
IA,1990,2779769,,,,,,,,,,,,,,,,,,,,,
KS,1990,2480683,,,,,,,,,,,,,,,,,,,,,
KY,1990,3692584,,,,,,,,,,,,,,,,,,,,,
LA,1990,4219179,,,,,,,,,,,,,,,,,,,,,
ME,1990,1231296,,,,,,,,,,,,,,,,,,,,,
MD,1990,4797431,,,,,,,,,,,,,,,,,,,,,
MA,1990,6018664,,,,,,,,,,,,,,,,,,,,,
MI,1990,9310462,,,,,,,,,,,,,,,,,,,,,
MN,1990,4387283,,,,,,,,,,,,,,,,,,,,,
MS,1990,2577426,,,,,,,,,,,,,,,,,,,,,
MO,1990,5126370,,,,,,,,,,,,,,,,,,,,,
MT,1990,799824,,,,,,,,,,,,,,,,,,,,,
NE,1990,1580664,,,,,,,,,,,,,,,,,,,,,
NV,1990,1218629,,,,,,,,,,,,,,,,,,,,,
NH,1990,1111831,,,,,,,,,,,,,,,,,,,,,
NJ,1990,7757158,,,,,,,,,,,,,,,,,,,,,
NM,1990,1519933,,,,,,,,,,,,,,,,,,,,,
NY,1990,18002855,,,,,,,,,,,,,,,,,,,,,
NC,1990,6656987,,,,,,,,,,,,,,,,,,,,,
ND,1990,637364,,,,,,,,,,,,,,,,,,,,,
OH,1990,10861837,,,,,,,,,,,,,,,,,,,,,
OK,1990,3147105,,,,,,,,,,,,,,,,,,,,,
OR,1990,2858547,,,,,,,,,,,,,,,,,,,,,
PA,1990,11895604,,,,,,,,,,,,,,,,,,,,,
RI,1990,1004649,,,,,,,,,,,,,,,,,,,,,
SC,1990,3499064,,,,,,,,,,,,,,,,,,,,,
SD,1990,696667,,,,,,,,,,,,,,,,,,,,,
TN,1990,4890626,,,,,,,,,,,,,,,,,,,,,
TX,1990,17044714,,,,,,,,,,,,,,,,,,,,,
UT,1990,1729722,,,,,,,,,,,,,,,,,,,,,
VT,1990,564526,,,,,,,,,,,,,,,,,,,,,
VA,1990,6213526,,,,,,,,,,,,,,,,,,,,,
WA,1990,4900780,,,,,,,,,,,,,,,,,,,,,
WV,1990,1792481,,,,,,,,,,,,,,,,,,,,,
WI,1990,4902265,,,,,,,,,,,,,,,,,,,,,
WY,1990,453401,,,,,,,,,,,,,,,,,,,,,
AL,2000,"4,452,173",,,,,,,,,,,,,,,,,,,,,
AK,2000,"627,963",,,,,,,,,,,,,,,,,,,,,
AZ,2000,"5,160,586",,,,,,,,,,,,,,,,,,,,,
AR,2000,"2,678,588",,,,,,,,,,,,,,,,,,,,,
CA,2000,"33,987,977",,,,,,,,,,,,,,,,,,,,,
CO,2000,"4,326,921",,,,,,,,,,,,,,,,,,,,,
CT,2000,"3,411,777",,,,,,,,,,,,,,,,,,,,,
DE,2000,"786,373",,,,,,,,,,,,,,,,,,,,,
DC,2000,"572,046",,,,,,,,,,,,,,,,,,,,,
FL,2000,"16,047,515",,,,,,,,,,,,,,,,,,,,,
GA,2000,"8,227,303",,,,,,,,,,,,,,,,,,,,,
HI,2000,"1,213,519",,,,,,,,,,,,,,,,,,,,,
ID,2000,"1,299,430",,,,,,,,,,,,,,,,,,,,,
IL,2000,"12,434,161",,,,,,,,,,,,,,,,,,,,,
IN,2000,"6,091,866",,,,,,,,,,,,,,,,,,,,,
IA,2000,"2,929,067",,,,,,,,,,,,,,,,,,,,,
KS,2000,"2,693,681",,,,,,,,,,,,,,,,,,,,,
KY,2000,"4,049,021",,,,,,,,,,,,,,,,,,,,,
LA,2000,"4,471,885",,,,,,,,,,,,,,,,,,,,,
ME,2000,"1,277,072",,,,,,,,,,,,,,,,,,,,,
MD,2000,"5,311,034",,,,,,,,,,,,,,,,,,,,,
MA,2000,"6,361,104",,,,,,,,,,,,,,,,,,,,,
MI,2000,"9,952,450",,,,,,,,,,,,,,,,,,,,,
MN,2000,"4,933,692",,,,,,,,,,,,,,,,,,,,,
MS,2000,"2,848,353",,,,,,,,,,,,,,,,,,,,,
MO,2000,"5,607,285",,,,,,,,,,,,,,,,,,,,,
MT,2000,"903,773",,,,,,,,,,,,,,,,,,,,,
NE,2000,"1,713,820",,,,,,,,,,,,,,,,,,,,,
NV,2000,"2,018,741",,,,,,,,,,,,,,,,,,,,,
NH,2000,"1,239,882",,,,,,,,,,,,,,,,,,,,,
NJ,2000,"8,430,621",,,,,,,,,,,,,,,,,,,,,
NM,2000,"1,821,204",,,,,,,,,,,,,,,,,,,,,
NY,2000,"19,001,780",,,,,,,,,,,,,,,,,,,,,
NC,2000,"8,081,614",,,,,,,,,,,,,,,,,,,,,
ND,2000,"642,023",,,,,,,,,,,,,,,,,,,,,
OH,2000,"11,363,543",,,,,,,,,,,,,,,,,,,,,
OK,2000,"3,454,365",,,,,,,,,,,,,,,,,,,,,
OR,2000,"3,429,708",,,,,,,,,,,,,,,,,,,,,
PA,2000,"12,284,173",,,,,,,,,,,,,,,,,,,,,
RI,2000,"1,050,268",,,,,,,,,,,,,,,,,,,,,
SC,2000,"4,024,223",,,,,,,,,,,,,,,,,,,,,
SD,2000,"755,844",,,,,,,,,,,,,,,,,,,,,
TN,2000,"5,703,719",,,,,,,,,,,,,,,,,,,,,
TX,2000,"20,944,499",,,,,,,,,,,,,,,,,,,,,
UT,2000,"2,244,502",,,,,,,,,,,,,,,,,,,,,
VT,2000,"609,618",,,,,,,,,,,,,,,,,,,,,
VA,2000,"7,105,817",,,,,,,,,,,,,,,,,,,,,
WA,2000,"5,910,512",,,,,,,,,,,,,,,,,,,,,
WV,2000,"1,807,021",,,,,,,,,,,,,,,,,,,,,
WI,2000,"5,373,999",,,,,,,,,,,,,,,,,,,,,
WY,2000,"494,300",,,,,,,,,,,,,,,,,,,,,
AL,2001,"4,467,634",,,,,,,,,,,,,,,,,,,,,
AK,2001,"633,714",,,,,,,,,,,,,,,,,,,,,
AZ,2001,"5,273,477",,,,,,,,,,,,,,,,,,,,,
AR,2001,"2,691,571",,,,,,,,,,,,,,,,,,,,,
CA,2001,"34,479,458",,,,,,,,,,,,,,,,,,,,,
CO,2001,"4,425,687",,,,,,,,,,,,,,,,,,,,,
CT,2001,"3,432,835",,,,,,,,,,,,,,,,,,,,,
DE,2001,"795,699",,,,,,,,,,,,,,,,,,,,,
DC,2001,"574,504",,,,,,,,,,,,,,,,,,,,,
FL,2001,"16,356,966",,,,,,,,,,,,,,,,,,,,,
GA,2001,"8,377,038",,,,,,,,,,,,,,,,,,,,,
HI,2001,"1,225,948",,,,,,,,,,,,,,,,,,,,,
ID,2001,"1,319,962",,,,,,,,,,,,,,,,,,,,,
IL,2001,"12,488,445",,,,,,,,,,,,,,,,,,,,,
IN,2001,"6,127,760",,,,,,,,,,,,,,,,,,,,,
IA,2001,"2,931,997",,,,,,,,,,,,,,,,,,,,,
KS,2001,"2,702,162",,,,,,,,,,,,,,,,,,,,,
KY,2001,"4,068,132",,,,,,,,,,,,,,,,,,,,,
LA,2001,"4,477,875",,,,,,,,,,,,,,,,,,,,,
ME,2001,"1,285,692",,,,,,,,,,,,,,,,,,,,,
MD,2001,"5,374,691",,,,,,,,,,,,,,,,,,,,,
MA,2001,"6,397,634",,,,,,,,,,,,,,,,,,,,,
MI,2001,"9,991,120",,,,,,,,,,,,,,,,,,,,,
MN,2001,"4,982,796",,,,,,,,,,,,,,,,,,,,,
MS,2001,"2,852,994",,,,,,,,,,,,,,,,,,,,,
MO,2001,"5,641,142",,,,,,,,,,,,,,,,,,,,,
MT,2001,"906,961",,,,,,,,,,,,,,,,,,,,,
NE,2001,"1,719,836",,,,,,,,,,,,,,,,,,,,,
NV,2001,"2,098,399",,,,,,,,,,,,,,,,,,,,,
NH,2001,"1,255,517",,,,,,,,,,,,,,,,,,,,,
NJ,2001,"8,492,671",,,,,,,,,,,,,,,,,,,,,
NM,2001,"1,831,690",,,,,,,,,,,,,,,,,,,,,
NY,2001,"19,082,838",,,,,,,,,,,,,,,,,,,,,
NC,2001,"8,210,122",,,,,,,,,,,,,,,,,,,,,
ND,2001,"639,062",,,,,,,,,,,,,,,,,,,,,
OH,2001,"11,387,404",,,,,,,,,,,,,,,,,,,,,
OK,2001,"3,467,100",,,,,,,,,,,,,,,,,,,,,
OR,2001,"3,467,937",,,,,,,,,,,,,,,,,,,,,
PA,2001,"12,298,970",,,,,,,,,,,,,,,,,,,,,
RI,2001,"1,057,142",,,,,,,,,,,,,,,,,,,,,
SC,2001,"4,064,995",,,,,,,,,,,,,,,,,,,,,
SD,2001,"757,972",,,,,,,,,,,,,,,,,,,,,
TN,2001,"5,750,789",,,,,,,,,,,,,,,,,,,,,
TX,2001,"21,319,622",,,,,,,,,,,,,,,,,,,,,
UT,2001,"2,283,715",,,,,,,,,,,,,,,,,,,,,
VT,2001,"612,223",,,,,,,,,,,,,,,,,,,,,
VA,2001,"7,198,362",,,,,,,,,,,,,,,,,,,,,
WA,2001,"5,985,722",,,,,,,,,,,,,,,,,,,,,
WV,2001,"1,801,481",,,,,,,,,,,,,,,,,,,,,
WI,2001,"5,406,835",,,,,,,,,,,,,,,,,,,,,
WY,2001,"494,657",,,,,,,,,,,,,,,,,,,,,
AL,2002,"4,480,089",,,,,,,,,,,,,,,,,,,,,
AK,2002,"642,337",,,,,,,,,,,,,,,,,,,,,
AZ,2002,"5,396,255",,,,,,,,,,,,,,,,,,,,,
AR,2002,"2,705,927",,,,,,,,,,,,,,,,,,,,,
CA,2002,"34,871,843",,,,,,,,,,,,,,,,,,,,,
CO,2002,"4,490,406",,,,,,,,,,,,,,,,,,,,,
CT,2002,"3,458,749",,,,,,,,,,,,,,,,,,,,,
DE,2002,"806,169",,,,,,,,,,,,,,,,,,,,,
DC,2002,"573,158",,,,,,,,,,,,,,,,,,,,,
FL,2002,"16,689,370",,,,,,,,,,,,,,,,,,,,,
GA,2002,"8,508,256",,,,,,,,,,,,,,,,,,,,,
HI,2002,"1,239,613",,,,,,,,,,,,,,,,,,,,,
ID,2002,"1,340,372",,,,,,,,,,,,,,,,,,,,,
IL,2002,"12,525,556",,,,,,,,,,,,,,,,,,,,,
IN,2002,"6,155,967",,,,,,,,,,,,,,,,,,,,,
IA,2002,"2,934,234",,,,,,,,,,,,,,,,,,,,,
KS,2002,"2,713,535",,,,,,,,,,,,,,,,,,,,,
KY,2002,"4,089,875",,,,,,,,,,,,,,,,,,,,,
LA,2002,"4,497,267",,,,,,,,,,,,,,,,,,,,,
ME,2002,"1,295,960",,,,,,,,,,,,,,,,,,,,,
MD,2002,"5,440,389",,,,,,,,,,,,,,,,,,,,,
MA,2002,"6,417,206",,,,,,,,,,,,,,,,,,,,,
MI,2002,"10,015,710",,,,,,,,,,,,,,,,,,,,,
MN,2002,"5,018,935",,,,,,,,,,,,,,,,,,,,,
MS,2002,"2,858,681",,,,,,,,,,,,,,,,,,,,,
MO,2002,"5,674,825",,,,,,,,,,,,,,,,,,,,,
MT,2002,"911,667",,,,,,,,,,,,,,,,,,,,,
NE,2002,"1,728,292",,,,,,,,,,,,,,,,,,,,,
NV,2002,"2,173,791",,,,,,,,,,,,,,,,,,,,,
NH,2002,"1,269,089",,,,,,,,,,,,,,,,,,,,,
NJ,2002,"8,552,643",,,,,,,,,,,,,,,,,,,,,
NM,2002,"1,855,309",,,,,,,,,,,,,,,,,,,,,
NY,2002,"19,137,800",,,,,,,,,,,,,,,,,,,,,
NC,2002,"8,326,201",,,,,,,,,,,,,,,,,,,,,
ND,2002,"638,168",,,,,,,,,,,,,,,,,,,,,
OH,2002,"11,407,889",,,,,,,,,,,,,,,,,,,,,
OK,2002,"3,489,080",,,,,,,,,,,,,,,,,,,,,
OR,2002,"3,513,424",,,,,,,,,,,,,,,,,,,,,
PA,2002,"12,331,031",,,,,,,,,,,,,,,,,,,,,
RI,2002,"1,065,995",,,,,,,,,,,,,,,,,,,,,
SC,2002,"4,107,795",,,,,,,,,,,,,,,,,,,,,
SD,2002,"760,020",,,,,,,,,,,,,,,,,,,,,
TN,2002,"5,795,918",,,,,,,,,,,,,,,,,,,,,
TX,2002,"21,690,325",,,,,,,,,,,,,,,,,,,,,
UT,2002,"2,324,815",,,,,,,,,,,,,,,,,,,,,
VT,2002,"615,442",,,,,,,,,,,,,,,,,,,,,
VA,2002,"7,286,873",,,,,,,,,,,,,,,,,,,,,
WA,2002,"6,052,349",,,,,,,,,,,,,,,,,,,,,
WV,2002,"1,805,414",,,,,,,,,,,,,,,,,,,,,
WI,2002,"5,445,162",,,,,,,,,,,,,,,,,,,,,
WY,2002,"500,017",,,,,,,,,,,,,,,,,,,,,
AL,2003,"4,503,491",,,,,,,,,,,,,,,,,,,,,
AK,2003,"648,414",,,,,,,,,,,,,,,,,,,,,
AZ,2003,"5,510,364",,,,,,,,,,,,,,,,,,,,,
AR,2003,"2,724,816",,,,,,,,,,,,,,,,,,,,,
CA,2003,"35,253,159",,,,,,,,,,,,,,,,,,,,,
CO,2003,"4,528,732",,,,,,,,,,,,,,,,,,,,,
CT,2003,"3,484,336",,,,,,,,,,,,,,,,,,,,,
DE,2003,"818,003",,,,,,,,,,,,,,,,,,,,,
DC,2003,"568,502",,,,,,,,,,,,,,,,,,,,,
FL,2003,"17,004,085",,,,,,,,,,,,,,,,,,,,,
GA,2003,"8,622,793",,,,,,,,,,,,,,,,,,,,,
HI,2003,"1,251,154",,,,,,,,,,,,,,,,,,,,,
ID,2003,"1,363,380",,,,,,,,,,,,,,,,,,,,,
IL,2003,"12,556,006",,,,,,,,,,,,,,,,,,,,,
IN,2003,"6,196,638",,,,,,,,,,,,,,,,,,,,,
IA,2003,"2,941,999",,,,,,,,,,,,,,,,,,,,,
KS,2003,"2,723,004",,,,,,,,,,,,,,,,,,,,,
KY,2003,"4,117,170",,,,,,,,,,,,,,,,,,,,,
LA,2003,"4,521,042",,,,,,,,,,,,,,,,,,,,,
ME,2003,"1,306,513",,,,,,,,,,,,,,,,,,,,,
MD,2003,"5,496,269",,,,,,,,,,,,,,,,,,,,,
MA,2003,"6,422,565",,,,,,,,,,,,,,,,,,,,,
MI,2003,"10,041,152",,,,,,,,,,,,,,,,,,,,,
MN,2003,"5,053,572",,,,,,,,,,,,,,,,,,,,,
MS,2003,"2,868,312",,,,,,,,,,,,,,,,,,,,,
MO,2003,"5,709,403",,,,,,,,,,,,,,,,,,,,,
MT,2003,"919,630",,,,,,,,,,,,,,,,,,,,,
NE,2003,"1,738,643",,,,,,,,,,,,,,,,,,,,,
NV,2003,"2,248,850",,,,,,,,,,,,,,,,,,,,,
NH,2003,"1,279,840",,,,,,,,,,,,,,,,,,,,,
NJ,2003,"8,601,402",,,,,,,,,,,,,,,,,,,,,
NM,2003,"1,877,574",,,,,,,,,,,,,,,,,,,,,
NY,2003,"19,175,939",,,,,,,,,,,,,,,,,,,,,
NC,2003,"8,422,501",,,,,,,,,,,,,,,,,,,,,
ND,2003,"638,817",,,,,,,,,,,,,,,,,,,,,
OH,2003,"11,434,788",,,,,,,,,,,,,,,,,,,,,
OK,2003,"3,504,892",,,,,,,,,,,,,,,,,,,,,
OR,2003,"3,547,376",,,,,,,,,,,,,,,,,,,,,
PA,2003,"12,374,658",,,,,,,,,,,,,,,,,,,,,
RI,2003,"1,071,342",,,,,,,,,,,,,,,,,,,,,
SC,2003,"4,150,297",,,,,,,,,,,,,,,,,,,,,
SD,2003,"763,729",,,,,,,,,,,,,,,,,,,,,
TN,2003,"5,847,812",,,,,,,,,,,,,,,,,,,,,
TX,2003,"22,030,931",,,,,,,,,,,,,,,,,,,,,
UT,2003,"2,360,137",,,,,,,,,,,,,,,,,,,,,
VT,2003,"617,858",,,,,,,,,,,,,,,,,,,,,
VA,2003,"7,366,977",,,,,,,,,,,,,,,,,,,,,
WA,2003,"6,104,115",,,,,,,,,,,,,,,,,,,,,
WV,2003,"1,812,295",,,,,,,,,,,,,,,,,,,,,
WI,2003,"5,479,203",,,,,,,,,,,,,,,,,,,,,
WY,2003,"503,453",,,,,,,,,,,,,,,,,,,,,
AL,2004,"4,530,729",,,,,,,,,,,,,,,,,,,,,
AK,2004,"659,286",,,,,,,,,,,,,,,,,,,,,
AZ,2004,"5,652,404",,,,,,,,,,,,,,,,,,,,,
AR,2004,"2,749,686",,,,,,,,,,,,,,,,,,,,,
CA,2004,"35,574,576",,,,,,,,,,,,,,,,,,,,,
CO,2004,"4,575,013",,,,,,,,,,,,,,,,,,,,,
CT,2004,"3,496,094",,,,,,,,,,,,,,,,,,,,,
DE,2004,"830,803",,,,,,,,,,,,,,,,,,,,,
DC,2004,"567,754",,,,,,,,,,,,,,,,,,,,,
FL,2004,"17,415,318",,,,,,,,,,,,,,,,,,,,,
GA,2004,"8,769,252",,,,,,,,,,,,,,,,,,,,,
HI,2004,"1,273,569",,,,,,,,,,,,,,,,,,,,,
ID,2004,"1,391,802",,,,,,,,,,,,,,,,,,,,,
IL,2004,"12,589,773",,,,,,,,,,,,,,,,,,,,,
IN,2004,"6,233,007",,,,,,,,,,,,,,,,,,,,,
IA,2004,"2,953,635",,,,,,,,,,,,,,,,,,,,,
KS,2004,"2,734,373",,,,,,,,,,,,,,,,,,,,,
KY,2004,"4,146,101",,,,,,,,,,,,,,,,,,,,,
LA,2004,"4,552,238",,,,,,,,,,,,,,,,,,,,,
ME,2004,"1,313,688",,,,,,,,,,,,,,,,,,,,,
MD,2004,"5,546,935",,,,,,,,,,,,,,,,,,,,,
MA,2004,"6,412,281",,,,,,,,,,,,,,,,,,,,,
MI,2004,"10,055,315",,,,,,,,,,,,,,,,,,,,,
MN,2004,"5,087,713",,,,,,,,,,,,,,,,,,,,,
MS,2004,"2,889,010",,,,,,,,,,,,,,,,,,,,,
MO,2004,"5,747,741",,,,,,,,,,,,,,,,,,,,,
MT,2004,"930,009",,,,,,,,,,,,,,,,,,,,,
NE,2004,"1,749,370",,,,,,,,,,,,,,,,,,,,,
NV,2004,"2,346,222",,,,,,,,,,,,,,,,,,,,,
NH,2004,"1,290,121",,,,,,,,,,,,,,,,,,,,,
NJ,2004,"8,634,561",,,,,,,,,,,,,,,,,,,,,
NM,2004,"1,903,808",,,,,,,,,,,,,,,,,,,,,
NY,2004,"19,171,567",,,,,,,,,,,,,,,,,,,,,
NC,2004,"8,553,152",,,,,,,,,,,,,,,,,,,,,
ND,2004,"644,705",,,,,,,,,,,,,,,,,,,,,
OH,2004,"11,452,251",,,,,,,,,,,,,,,,,,,,,
OK,2004,"3,525,233",,,,,,,,,,,,,,,,,,,,,
OR,2004,"3,569,463",,,,,,,,,,,,,,,,,,,,,
PA,2004,"12,410,722",,,,,,,,,,,,,,,,,,,,,
RI,2004,"1,074,579",,,,,,,,,,,,,,,,,,,,,
SC,2004,"4,210,921",,,,,,,,,,,,,,,,,,,,,
SD,2004,"770,396",,,,,,,,,,,,,,,,,,,,,
TN,2004,"5,910,809",,,,,,,,,,,,,,,,,,,,,
TX,2004,"22,394,023",,,,,,,,,,,,,,,,,,,,,
UT,2004,"2,401,580",,,,,,,,,,,,,,,,,,,,,
VT,2004,"619,920",,,,,,,,,,,,,,,,,,,,,
VA,2004,"7,475,575",,,,,,,,,,,,,,,,,,,,,
WA,2004,"6,178,645",,,,,,,,,,,,,,,,,,,,,
WV,2004,"1,816,438",,,,,,,,,,,,,,,,,,,,,
WI,2004,"5,514,026",,,,,,,,,,,,,,,,,,,,,
WY,2004,"509,106",,,,,,,,,,,,,,,,,,,,,
AL,2005,"4,569,805",,,,,,,,,,,,,,,,,,,,,
AK,2005,"666,946",,,,,,,,,,,,,,,,,,,,,
AZ,2005,"5,839,077",,,,,,,,,,,,,,,,,,,,,
AR,2005,"2,781,097",,,,,,,,,,,,,,,,,,,,,
CA,2005,"35,827,943",,,,,,,,,,,,,,,,,,,,,
CO,2005,"4,631,888",,,,,,,,,,,,,,,,,,,,,
CT,2005,"3,506,956",,,,,,,,,,,,,,,,,,,,,
DE,2005,"845,150",,,,,,,,,,,,,,,,,,,,,
DC,2005,"567,136",,,,,,,,,,,,,,,,,,,,,
FL,2005,"17,842,038",,,,,,,,,,,,,,,,,,,,,
GA,2005,"8,925,922",,,,,,,,,,,,,,,,,,,,,
HI,2005,"1,292,729",,,,,,,,,,,,,,,,,,,,,
ID,2005,"1,428,241",,,,,,,,,,,,,,,,,,,,,
IL,2005,"12,609,903",,,,,,,,,,,,,,,,,,,,,
IN,2005,"6,278,616",,,,,,,,,,,,,,,,,,,,,
IA,2005,"2,964,454",,,,,,,,,,,,,,,,,,,,,
KS,2005,"2,745,299",,,,,,,,,,,,,,,,,,,,,
KY,2005,"4,182,742",,,,,,,,,,,,,,,,,,,,,
LA,2005,"4,576,628",,,,,,,,,,,,,,,,,,,,,
ME,2005,"1,318,787",,,,,,,,,,,,,,,,,,,,,
MD,2005,"5,592,379",,,,,,,,,,,,,,,,,,,,,
MA,2005,"6,403,290",,,,,,,,,,,,,,,,,,,,,
MI,2005,"10,051,137",,,,,,,,,,,,,,,,,,,,,
MN,2005,"5,119,598",,,,,,,,,,,,,,,,,,,,,
MS,2005,"2,905,943",,,,,,,,,,,,,,,,,,,,,
MO,2005,"5,790,300",,,,,,,,,,,,,,,,,,,,,
MT,2005,"940,102",,,,,,,,,,,,,,,,,,,,,
NE,2005,"1,761,497",,,,,,,,,,,,,,,,,,,,,
NV,2005,"2,432,143",,,,,,,,,,,,,,,,,,,,,
NH,2005,"1,298,492",,,,,,,,,,,,,,,,,,,,,
NJ,2005,"8,651,974",,,,,,,,,,,,,,,,,,,,,
NM,2005,"1,932,274",,,,,,,,,,,,,,,,,,,,,
NY,2005,"19,132,610",,,,,,,,,,,,,,,,,,,,,
NC,2005,"8,705,407",,,,,,,,,,,,,,,,,,,,,
ND,2005,"646,089",,,,,,,,,,,,,,,,,,,,,
OH,2005,"11,463,320",,,,,,,,,,,,,,,,,,,,,
OK,2005,"3,548,597",,,,,,,,,,,,,,,,,,,,,
OR,2005,"3,613,202",,,,,,,,,,,,,,,,,,,,,
PA,2005,"12,449,990",,,,,,,,,,,,,,,,,,,,,
RI,2005,"1,067,916",,,,,,,,,,,,,,,,,,,,,
SC,2005,"4,270,150",,,,,,,,,,,,,,,,,,,,,
SD,2005,"775,493",,,,,,,,,,,,,,,,,,,,,
TN,2005,"5,991,057",,,,,,,,,,,,,,,,,,,,,
TX,2005,"22,778,123",,,,,,,,,,,,,,,,,,,,,
UT,2005,"2,457,719",,,,,,,,,,,,,,,,,,,,,
VT,2005,"621,215",,,,,,,,,,,,,,,,,,,,,
VA,2005,"7,577,105",,,,,,,,,,,,,,,,,,,,,
WA,2005,"6,257,305",,,,,,,,,,,,,,,,,,,,,
WV,2005,"1,820,492",,,,,,,,,,,,,,,,,,,,,
WI,2005,"5,546,166",,,,,,,,,,,,,,,,,,,,,
WY,2005,"514,157",,,,,,,,,,,,,,,,,,,,,
AL,2006,"4,628,981",,,,,,,,,,,,,,,,,,,,,
AK,2006,"675,302",,,,,,,,,,,,,,,,,,,,,
AZ,2006,"6,029,141",,,,,,,,,,,,,,,,,,,,,
AR,2006,"2,821,761",,,,,,,,,,,,,,,,,,,,,
CA,2006,"36,021,202",,,,,,,,,,,,,,,,,,,,,
CO,2006,"4,720,423",,,,,,,,,,,,,,,,,,,,,
CT,2006,"3,517,460",,,,,,,,,,,,,,,,,,,,,
DE,2006,"859,268",,,,,,,,,,,,,,,,,,,,,
DC,2006,"570,681",,,,,,,,,,,,,,,,,,,,,
FL,2006,"18,166,990",,,,,,,,,,,,,,,,,,,,,
GA,2006,"9,155,813",,,,,,,,,,,,,,,,,,,,,
HI,2006,"1,309,731",,,,,,,,,,,,,,,,,,,,,
ID,2006,"1,468,669",,,,,,,,,,,,,,,,,,,,,
IL,2006,"12,643,955",,,,,,,,,,,,,,,,,,,,,
IN,2006,"6,332,669",,,,,,,,,,,,,,,,,,,,,
IA,2006,"2,982,644",,,,,,,,,,,,,,,,,,,,,
KS,2006,"2,762,931",,,,,,,,,,,,,,,,,,,,,
KY,2006,"4,219,239",,,,,,,,,,,,,,,,,,,,,
LA,2006,"4,302,665",,,,,,,,,,,,,,,,,,,,,
ME,2006,"1,323,619",,,,,,,,,,,,,,,,,,,,,
MD,2006,"5,627,367",,,,,,,,,,,,,,,,,,,,,
MA,2006,"6,410,084",,,,,,,,,,,,,,,,,,,,,
MI,2006,"10,036,081",,,,,,,,,,,,,,,,,,,,,
MN,2006,"5,163,555",,,,,,,,,,,,,,,,,,,,,
MS,2006,"2,904,978",,,,,,,,,,,,,,,,,,,,,
MO,2006,"5,842,704",,,,,,,,,,,,,,,,,,,,,
MT,2006,"952,692",,,,,,,,,,,,,,,,,,,,,
NE,2006,"1,772,693",,,,,,,,,,,,,,,,,,,,,
NV,2006,"2,522,658",,,,,,,,,,,,,,,,,,,,,
NH,2006,"1,308,389",,,,,,,,,,,,,,,,,,,,,
NJ,2006,"8,661,679",,,,,,,,,,,,,,,,,,,,,
NM,2006,"1,962,137",,,,,,,,,,,,,,,,,,,,,
NY,2006,"19,104,631",,,,,,,,,,,,,,,,,,,,,
NC,2006,"8,917,270",,,,,,,,,,,,,,,,,,,,,
ND,2006,"649,422",,,,,,,,,,,,,,,,,,,,,
OH,2006,"11,481,213",,,,,,,,,,,,,,,,,,,,,
OK,2006,"3,594,090",,,,,,,,,,,,,,,,,,,,,
OR,2006,"3,670,883",,,,,,,,,,,,,,,,,,,,,
PA,2006,"12,510,809",,,,,,,,,,,,,,,,,,,,,
RI,2006,"1,063,096",,,,,,,,,,,,,,,,,,,,,
SC,2006,"4,357,847",,,,,,,,,,,,,,,,,,,,,
SD,2006,"783,033",,,,,,,,,,,,,,,,,,,,,
TN,2006,"6,088,766",,,,,,,,,,,,,,,,,,,,,
TX,2006,"23,359,580",,,,,,,,,,,,,,,,,,,,,
UT,2006,"2,525,507",,,,,,,,,,,,,,,,,,,,,
VT,2006,"622,892",,,,,,,,,,,,,,,,,,,,,
VA,2006,"7,673,725",,,,,,,,,,,,,,,,,,,,,
WA,2006,"6,370,753",,,,,,,,,,,,,,,,,,,,,
WV,2006,"1,827,912",,,,,,,,,,,,,,,,,,,,,
WI,2006,"5,577,655",,,,,,,,,,,,,,,,,,,,,
WY,2006,"522,667",,,,,,,,,,,,,,,,,,,,,
AL,2007,"4,672,840",,,,,,,,,,,,,,,,,,,,,
AK,2007,"680,300",,,,,,,,,,,,,,,,,,,,,
AZ,2007,"6,167,681",,,,,,,,,,,,,,,,,,,,,
AR,2007,"2,848,650",,,,,,,,,,,,,,,,,,,,,
CA,2007,"36,250,311",,,,,,,,,,,,,,,,,,,,,
CO,2007,"4,803,868",,,,,,,,,,,,,,,,,,,,,
CT,2007,"3,527,270",,,,,,,,,,,,,,,,,,,,,
DE,2007,"871,749",,,,,,,,,,,,,,,,,,,,,
DC,2007,"574,404",,,,,,,,,,,,,,,,,,,,,
FL,2007,"18,367,842",,,,,,,,,,,,,,,,,,,,,
GA,2007,"9,349,988",,,,,,,,,,,,,,,,,,,,,
HI,2007,"1,315,675",,,,,,,,,,,,,,,,,,,,,
ID,2007,"1,505,105",,,,,,,,,,,,,,,,,,,,,
IL,2007,"12,695,866",,,,,,,,,,,,,,,,,,,,,
IN,2007,"6,379,599",,,,,,,,,,,,,,,,,,,,,
IA,2007,"2,999,212",,,,,,,,,,,,,,,,,,,,,
KS,2007,"2,783,785",,,,,,,,,,,,,,,,,,,,,
KY,2007,"4,256,672",,,,,,,,,,,,,,,,,,,,,
LA,2007,"4,375,581",,,,,,,,,,,,,,,,,,,,,
ME,2007,"1,327,040",,,,,,,,,,,,,,,,,,,,,
MD,2007,"5,653,408",,,,,,,,,,,,,,,,,,,,,
MA,2007,"6,431,559",,,,,,,,,,,,,,,,,,,,,
MI,2007,"10,001,284",,,,,,,,,,,,,,,,,,,,,
MN,2007,"5,207,203",,,,,,,,,,,,,,,,,,,,,
MS,2007,"2,928,350",,,,,,,,,,,,,,,,,,,,,
MO,2007,"5,887,612",,,,,,,,,,,,,,,,,,,,,
MT,2007,"964,706",,,,,,,,,,,,,,,,,,,,,
NE,2007,"1,783,440",,,,,,,,,,,,,,,,,,,,,
NV,2007,"2,601,072",,,,,,,,,,,,,,,,,,,,,
NH,2007,"1,312,540",,,,,,,,,,,,,,,,,,,,,
NJ,2007,"8,677,885",,,,,,,,,,,,,,,,,,,,,
NM,2007,"1,990,070",,,,,,,,,,,,,,,,,,,,,
NY,2007,"19,132,335",,,,,,,,,,,,,,,,,,,,,
NC,2007,"9,118,037",,,,,,,,,,,,,,,,,,,,,
ND,2007,"652,822",,,,,,,,,,,,,,,,,,,,,
OH,2007,"11,500,468",,,,,,,,,,,,,,,,,,,,,
OK,2007,"3,634,349",,,,,,,,,,,,,,,,,,,,,
OR,2007,"3,722,417",,,,,,,,,,,,,,,,,,,,,
PA,2007,"12,563,937",,,,,,,,,,,,,,,,,,,,,
RI,2007,"1,057,315",,,,,,,,,,,,,,,,,,,,,
SC,2007,"4,444,110",,,,,,,,,,,,,,,,,,,,,
SD,2007,"791,623",,,,,,,,,,,,,,,,,,,,,
TN,2007,"6,175,727",,,,,,,,,,,,,,,,,,,,,
TX,2007,"23,831,983",,,,,,,,,,,,,,,,,,,,,
UT,2007,"2,597,746",,,,,,,,,,,,,,,,,,,,,
VT,2007,"623,481",,,,,,,,,,,,,,,,,,,,,
VA,2007,"7,751,000",,,,,,,,,,,,,,,,,,,,,
WA,2007,"6,461,587",,,,,,,,,,,,,,,,,,,,,
WV,2007,"1,834,052",,,,,,,,,,,,,,,,,,,,,
WI,2007,"5,610,775",,,,,,,,,,,,,,,,,,,,,
WY,2007,"534,876",,,,,,,,,,,,,,,,,,,,,
AL,2008,"4,718,206",,,,,,,,,,,,,,,,,,,,,
AK,2008,"687,455",,,,,,,,,,,,,,,,,,,,,
AZ,2008,"6,280,362",,,,,,,,,,,,,,,,,,,,,
AR,2008,"2,874,554",,,,,,,,,,,,,,,,,,,,,
CA,2008,"36,604,337",,,,,,,,,,,,,,,,,,,,,
CO,2008,"4,889,730",,,,,,,,,,,,,,,,,,,,,
CT,2008,"3,545,579",,,,,,,,,,,,,,,,,,,,,
DE,2008,"883,874",,,,,,,,,,,,,,,,,,,,,
DC,2008,"580,236",,,,,,,,,,,,,,,,,,,,,
FL,2008,"18,527,305",,,,,,,,,,,,,,,,,,,,,
GA,2008,"9,504,843",,,,,,,,,,,,,,,,,,,,,
HI,2008,"1,332,213",,,,,,,,,,,,,,,,,,,,,
ID,2008,"1,534,320",,,,,,,,,,,,,,,,,,,,,
IL,2008,"12,747,038",,,,,,,,,,,,,,,,,,,,,
IN,2008,"6,424,806",,,,,,,,,,,,,,,,,,,,,
IA,2008,"3,016,734",,,,,,,,,,,,,,,,,,,,,
KS,2008,"2,808,076",,,,,,,,,,,,,,,,,,,,,
KY,2008,"4,289,878",,,,,,,,,,,,,,,,,,,,,
LA,2008,"4,435,586",,,,,,,,,,,,,,,,,,,,,
ME,2008,"1,330,509",,,,,,,,,,,,,,,,,,,,,
MD,2008,"5,684,965",,,,,,,,,,,,,,,,,,,,,
MA,2008,"6,468,967",,,,,,,,,,,,,,,,,,,,,
MI,2008,"9,946,889",,,,,,,,,,,,,,,,,,,,,
MN,2008,"5,247,018",,,,,,,,,,,,,,,,,,,,,
MS,2008,"2,947,806",,,,,,,,,,,,,,,,,,,,,
MO,2008,"5,923,916",,,,,,,,,,,,,,,,,,,,,
MT,2008,"976,415",,,,,,,,,,,,,,,,,,,,,
NE,2008,"1,796,378",,,,,,,,,,,,,,,,,,,,,
NV,2008,"2,653,630",,,,,,,,,,,,,,,,,,,,,
NH,2008,"1,315,906",,,,,,,,,,,,,,,,,,,,,
NJ,2008,"8,711,090",,,,,,,,,,,,,,,,,,,,,
NM,2008,"2,010,662",,,,,,,,,,,,,,,,,,,,,
NY,2008,"19,212,436",,,,,,,,,,,,,,,,,,,,,
NC,2008,"9,309,449",,,,,,,,,,,,,,,,,,,,,
ND,2008,"657,569",,,,,,,,,,,,,,,,,,,,,
OH,2008,"11,515,391",,,,,,,,,,,,,,,,,,,,,
OK,2008,"3,668,976",,,,,,,,,,,,,,,,,,,,,
OR,2008,"3,768,748",,,,,,,,,,,,,,,,,,,,,
PA,2008,"12,612,285",,,,,,,,,,,,,,,,,,,,,
RI,2008,"1,055,003",,,,,,,,,,,,,,,,,,,,,
SC,2008,"4,528,996",,,,,,,,,,,,,,,,,,,,,
SD,2008,"799,124",,,,,,,,,,,,,,,,,,,,,
TN,2008,"6,247,411",,,,,,,,,,,,,,,,,,,,,
TX,2008,"24,309,039",,,,,,,,,,,,,,,,,,,,,
UT,2008,"2,663,029",,,,,,,,,,,,,,,,,,,,,
VT,2008,"624,151",,,,,,,,,,,,,,,,,,,,,
VA,2008,"7,833,496",,,,,,,,,,,,,,,,,,,,,
WA,2008,"6,562,231",,,,,,,,,,,,,,,,,,,,,
WV,2008,"1,840,310",,,,,,,,,,,,,,,,,,,,,
WI,2008,"5,640,996",,,,,,,,,,,,,,,,,,,,,
WY,2008,"546,043",,,,,,,,,,,,,,,,,,,,,
AL,2009,"4,757,938",,,,,,,,,,,,,,,,,,,,,
AK,2009,"698,895",,,,,,,,,,,,,,,,,,,,,
AZ,2009,"6,343,154",,,,,,,,,,,,,,,,,,,,,
AR,2009,"2,896,843",,,,,,,,,,,,,,,,,,,,,
CA,2009,"36,961,229",,,,,,,,,,,,,,,,,,,,,
CO,2009,"4,972,195",,,,,,,,,,,,,,,,,,,,,
CT,2009,"3,561,807",,,,,,,,,,,,,,,,,,,,,
DE,2009,"891,730",,,,,,,,,,,,,,,,,,,,,
DC,2009,"592,228",,,,,,,,,,,,,,,,,,,,,
FL,2009,"18,652,644",,,,,,,,,,,,,,,,,,,,,
GA,2009,"9,620,846",,,,,,,,,,,,,,,,,,,,,
HI,2009,"1,346,717",,,,,,,,,,,,,,,,,,,,,
ID,2009,"1,554,439",,,,,,,,,,,,,,,,,,,,,
IL,2009,"12,796,778",,,,,,,,,,,,,,,,,,,,,
IN,2009,"6,459,325",,,,,,,,,,,,,,,,,,,,,
IA,2009,"3,032,870",,,,,,,,,,,,,,,,,,,,,
KS,2009,"2,832,704",,,,,,,,,,,,,,,,,,,,,
KY,2009,"4,317,074",,,,,,,,,,,,,,,,,,,,,
LA,2009,"4,491,648",,,,,,,,,,,,,,,,,,,,,
ME,2009,"1,329,590",,,,,,,,,,,,,,,,,,,,,
MD,2009,"5,730,388",,,,,,,,,,,,,,,,,,,,,
MA,2009,"6,517,613",,,,,,,,,,,,,,,,,,,,,
MI,2009,"9,901,591",,,,,,,,,,,,,,,,,,,,,
MN,2009,"5,281,203",,,,,,,,,,,,,,,,,,,,,
MS,2009,"2,958,774",,,,,,,,,,,,,,,,,,,,,
MO,2009,"5,961,088",,,,,,,,,,,,,,,,,,,,,
MT,2009,"983,982",,,,,,,,,,,,,,,,,,,,,
NE,2009,"1,812,683",,,,,,,,,,,,,,,,,,,,,
NV,2009,"2,684,665",,,,,,,,,,,,,,,,,,,,,
NH,2009,"1,316,102",,,,,,,,,,,,,,,,,,,,,
NJ,2009,"8,755,602",,,,,,,,,,,,,,,,,,,,,
NM,2009,"2,036,802",,,,,,,,,,,,,,,,,,,,,
NY,2009,"19,307,066",,,,,,,,,,,,,,,,,,,,,
NC,2009,"9,449,566",,,,,,,,,,,,,,,,,,,,,
ND,2009,"664,968",,,,,,,,,,,,,,,,,,,,,
OH,2009,"11,528,896",,,,,,,,,,,,,,,,,,,,,
OK,2009,"3,717,572",,,,,,,,,,,,,,,,,,,,,
OR,2009,"3,808,600",,,,,,,,,,,,,,,,,,,,,
PA,2009,"12,666,858",,,,,,,,,,,,,,,,,,,,,
RI,2009,"1,053,646",,,,,,,,,,,,,,,,,,,,,
SC,2009,"4,589,872",,,,,,,,,,,,,,,,,,,,,
SD,2009,"807,067",,,,,,,,,,,,,,,,,,,,,
TN,2009,"6,306,019",,,,,,,,,,,,,,,,,,,,,
TX,2009,"24,801,761",,,,,,,,,,,,,,,,,,,,,
UT,2009,"2,723,421",,,,,,,,,,,,,,,,,,,,,
VT,2009,"624,817",,,,,,,,,,,,,,,,,,,,,
VA,2009,"7,925,937",,,,,,,,,,,,,,,,,,,,,
WA,2009,"6,667,426",,,,,,,,,,,,,,,,,,,,,
WV,2009,"1,847,775",,,,,,,,,,,,,,,,,,,,,
WI,2009,"5,669,264",,,,,,,,,,,,,,,,,,,,,
WY,2009,"559,851",,,,,,,,,,,,,,,,,,,,,
AL,2010,"4,785,298",,,,,,,,,,,,,,,,,,,,,
AK,2010,"713,985",,,,,,,,,,,,,,,,,,,,,
AZ,2010,"6,413,737",,,,,,,,,,,,,,,,,,,,,
AR,2010,"2,921,606",,,,,,,,,,,,,,,,,,,,,
CA,2010,"37,349,363",,,,,,,,,,,,,,,,,,,,,
CO,2010,"5,049,071",,,,,,,,,,,,,,,,,,,,,
CT,2010,"3,577,073",,,,,,,,,,,,,,,,,,,,,
DE,2010,"899,769",,,,,,,,,,,,,,,,,,,,,
DC,2010,"604,453",,,,,,,,,,,,,,,,,,,,,
FL,2010,"18,843,326",,,,,,,,,,,,,,,,,,,,,
GA,2010,"9,712,587",,,,,,,,,,,,,,,,,,,,,
HI,2010,"1,363,621",,,,,,,,,,,,,,,,,,,,,
ID,2010,"1,571,450",,,,,,,,,,,,,,,,,,,,,
IL,2010,"12,843,166",,,,,,,,,,,,,,,,,,,,,
IN,2010,"6,490,621",,,,,,,,,,,,,,,,,,,,,
IA,2010,"3,049,883",,,,,,,,,,,,,,,,,,,,,
KS,2010,"2,859,169",,,,,,,,,,,,,,,,,,,,,
KY,2010,"4,346,266",,,,,,,,,,,,,,,,,,,,,
LA,2010,"4,544,228",,,,,,,,,,,,,,,,,,,,,
ME,2010,"1,327,567",,,,,,,,,,,,,,,,,,,,,
MD,2010,"5,785,982",,,,,,,,,,,,,,,,,,,,,
MA,2010,"6,557,254",,,,,,,,,,,,,,,,,,,,,
MI,2010,"9,877,574",,,,,,,,,,,,,,,,,,,,,
MN,2010,"5,310,584",,,,,,,,,,,,,,,,,,,,,
MS,2010,"2,970,036",,,,,,,,,,,,,,,,,,,,,
MO,2010,"5,996,231",,,,,,,,,,,,,,,,,,,,,
MT,2010,"990,898",,,,,,,,,,,,,,,,,,,,,
NE,2010,"1,830,429",,,,,,,,,,,,,,,,,,,,,
NV,2010,"2,704,642",,,,,,,,,,,,,,,,,,,,,
NH,2010,"1,316,759",,,,,,,,,,,,,,,,,,,,,
NJ,2010,"8,801,624",,,,,,,,,,,,,,,,,,,,,
NM,2010,"2,065,932",,,,,,,,,,,,,,,,,,,,,
NY,2010,"19,392,283",,,,,,,,,,,,,,,,,,,,,
NC,2010,"9,561,558",,,,,,,,,,,,,,,,,,,,,
ND,2010,"674,499",,,,,,,,,,,,,,,,,,,,,
OH,2010,"11,536,182",,,,,,,,,,,,,,,,,,,,,
OK,2010,"3,761,702",,,,,,,,,,,,,,,,,,,,,
OR,2010,"3,838,957",,,,,,,,,,,,,,,,,,,,,
PA,2010,"12,709,630",,,,,,,,,,,,,,,,,,,,,
RI,2010,"1,052,886",,,,,,,,,,,,,,,,,,,,,
SC,2010,"4,636,312",,,,,,,,,,,,,,,,,,,,,
SD,2010,"816,463",,,,,,,,,,,,,,,,,,,,,
TN,2010,"6,356,897",,,,,,,,,,,,,,,,,,,,,
TX,2010,"25,257,114",,,,,,,,,,,,,,,,,,,,,
UT,2010,"2,776,469",,,,,,,,,,,,,,,,,,,,,
VT,2010,"625,960",,,,,,,,,,,,,,,,,,,,,
VA,2010,"8,024,617",,,,,,,,,,,,,,,,,,,,,
WA,2010,"6,744,496",,,,,,,,,,,,,,,,,,,,,
WV,2010,"1,853,973",,,,,,,,,,,,,,,,,,,,,
WI,2010,"5,691,047",,,,,,,,,,,,,,,,,,,,,
WY,2010,"564,460",,,,,,,,,,,,,,,,,,,,,
AL,2010,"4,785,448",,,,,,,,,,,,,,,,,,,,,
AK,2010,"713,906",,,,,,,,,,,,,,,,,,,,,
AZ,2010,"6,407,774",,,,,,,,,,,,,,,,,,,,,
AR,2010,"2,921,978",,,,,,,,,,,,,,,,,,,,,
CA,2010,"37,320,903",,,,,,,,,,,,,,,,,,,,,
CO,2010,"5,048,281",,,,,,,,,,,,,,,,,,,,,
CT,2010,"3,579,125",,,,,,,,,,,,,,,,,,,,,
DE,2010,"899,595",,,,,,,,,,,,,,,,,,,,,
DC,2010,"605,085",,,,,,,,,,,,,,,,,,,,,
FL,2010,"18,845,785",,,,,,,,,,,,,,,,,,,,,
GA,2010,"9,711,810",,,,,,,,,,,,,,,,,,,,,
HI,2010,"1,363,963",,,,,,,,,,,,,,,,,,,,,
ID,2010,"1,570,773",,,,,,,,,,,,,,,,,,,,,
IL,2010,"12,840,762",,,,,,,,,,,,,,,,,,,,,
IN,2010,"6,490,436",,,,,,,,,,,,,,,,,,,,,
IA,2010,"3,050,767",,,,,,,,,,,,,,,,,,,,,
KS,2010,"2,858,213",,,,,,,,,,,,,,,,,,,,,
KY,2010,"4,348,200",,,,,,,,,,,,,,,,,,,,,
LA,2010,"4,544,532",,,,,,,,,,,,,,,,,,,,,
ME,2010,"1,327,632",,,,,,,,,,,,,,,,,,,,,
MD,2010,"5,788,642",,,,,,,,,,,,,,,,,,,,,
MA,2010,"6,566,431",,,,,,,,,,,,,,,,,,,,,
MI,2010,"9,877,535",,,,,,,,,,,,,,,,,,,,,
MN,2010,"5,310,843",,,,,,,,,,,,,,,,,,,,,
MS,2010,"2,970,536",,,,,,,,,,,,,,,,,,,,,
MO,2010,"5,995,976",,,,,,,,,,,,,,,,,,,,,
MT,2010,"990,722",,,,,,,,,,,,,,,,,,,,,
NE,2010,"1,829,536",,,,,,,,,,,,,,,,,,,,,
NV,2010,"2,702,464",,,,,,,,,,,,,,,,,,,,,
NH,2010,"1,316,777",,,,,,,,,,,,,,,,,,,,,
NJ,2010,"8,799,624",,,,,,,,,,,,,,,,,,,,,
NM,2010,"2,064,588",,,,,,,,,,,,,,,,,,,,,
NY,2010,"19,400,080",,,,,,,,,,,,,,,,,,,,,
NC,2010,"9,574,293",,,,,,,,,,,,,,,,,,,,,
ND,2010,"674,710",,,,,,,,,,,,,,,,,,,,,
OH,2010,"11,539,327",,,,,,,,,,,,,,,,,,,,,
OK,2010,"3,759,632",,,,,,,,,,,,,,,,,,,,,
OR,2010,"3,837,532",,,,,,,,,,,,,,,,,,,,,
PA,2010,"12,711,158",,,,,,,,,,,,,,,,,,,,,
RI,2010,"1,053,938",,,,,,,,,,,,,,,,,,,,,
SC,2010,"4,635,656",,,,,,,,,,,,,,,,,,,,,
SD,2010,"816,165",,,,,,,,,,,,,,,,,,,,,
TN,2010,"6,355,301",,,,,,,,,,,,,,,,,,,,,
TX,2010,"25,242,679",,,,,,,,,,,,,,,,,,,,,
UT,2010,"2,775,334",,,,,,,,,,,,,,,,,,,,,
VT,2010,"625,880",,,,,,,,,,,,,,,,,,,,,
VA,2010,"8,023,680",,,,,,,,,,,,,,,,,,,,,
WA,2010,"6,742,902",,,,,,,,,,,,,,,,,,,,,
WV,2010,"1,854,214",,,,,,,,,,,,,,,,,,,,,
WI,2010,"5,690,479",,,,,,,,,,,,,,,,,,,,,
WY,2010,"564,483",,,,,,,,,,,,,,,,,,,,,
AL,2011,"4,798,834",,,,,,,,,,,,,,,,,,,,,
AK,2011,"722,038",,,,,,,,,,,,,,,,,,,,,
AZ,2011,"6,473,497",,,,,,,,,,,,,,,,,,,,,
AR,2011,"2,940,407",,,,,,,,,,,,,,,,,,,,,
CA,2011,"37,641,823",,,,,,,,,,,,,,,,,,,,,
CO,2011,"5,121,771",,,,,,,,,,,,,,,,,,,,,
CT,2011,"3,588,023",,,,,,,,,,,,,,,,,,,,,
DE,2011,"907,316",,,,,,,,,,,,,,,,,,,,,
DC,2011,"619,602",,,,,,,,,,,,,,,,,,,,,
FL,2011,"19,093,352",,,,,,,,,,,,,,,,,,,,,
GA,2011,"9,801,578",,,,,,,,,,,,,,,,,,,,,
HI,2011,"1,379,252",,,,,,,,,,,,,,,,,,,,,
ID,2011,"1,583,828",,,,,,,,,,,,,,,,,,,,,
IL,2011,"12,867,291",,,,,,,,,,,,,,,,,,,,,
IN,2011,"6,516,045",,,,,,,,,,,,,,,,,,,,,
IA,2011,"3,066,054",,,,,,,,,,,,,,,,,,,,,
KS,2011,"2,869,035",,,,,,,,,,,,,,,,,,,,,
KY,2011,"4,369,488",,,,,,,,,,,,,,,,,,,,,
LA,2011,"4,575,184",,,,,,,,,,,,,,,,,,,,,
ME,2011,"1,328,150",,,,,,,,,,,,,,,,,,,,,
MD,2011,"5,838,991",,,,,,,,,,,,,,,,,,,,,
MA,2011,"6,613,149",,,,,,,,,,,,,,,,,,,,,
MI,2011,"9,881,521",,,,,,,,,,,,,,,,,,,,,
MN,2011,"5,345,668",,,,,,,,,,,,,,,,,,,,,
MS,2011,"2,978,470",,,,,,,,,,,,,,,,,,,,,
MO,2011,"6,009,641",,,,,,,,,,,,,,,,,,,,,
MT,2011,"997,221",,,,,,,,,,,,,,,,,,,,,
NE,2011,"1,840,538",,,,,,,,,,,,,,,,,,,,,
NV,2011,"2,712,799",,,,,,,,,,,,,,,,,,,,,
NH,2011,"1,319,815",,,,,,,,,,,,,,,,,,,,,
NJ,2011,"8,827,783",,,,,,,,,,,,,,,,,,,,,
NM,2011,"2,080,395",,,,,,,,,,,,,,,,,,,,,
NY,2011,"19,498,514",,,,,,,,,,,,,,,,,,,,,
NC,2011,"9,656,754",,,,,,,,,,,,,,,,,,,,,
ND,2011,"685,136",,,,,,,,,,,,,,,,,,,,,
OH,2011,"11,543,463",,,,,,,,,,,,,,,,,,,,,
OK,2011,"3,787,821",,,,,,,,,,,,,,,,,,,,,
OR,2011,"3,871,728",,,,,,,,,,,,,,,,,,,,,
PA,2011,"12,744,583",,,,,,,,,,,,,,,,,,,,,
RI,2011,"1,053,536",,,,,,,,,,,,,,,,,,,,,
SC,2011,"4,671,422",,,,,,,,,,,,,,,,,,,,,
SD,2011,"823,484",,,,,,,,,,,,,,,,,,,,,
TN,2011,"6,397,410",,,,,,,,,,,,,,,,,,,,,
TX,2011,"25,646,227",,,,,,,,,,,,,,,,,,,,,
UT,2011,"2,814,216",,,,,,,,,,,,,,,,,,,,,
VT,2011,"626,979",,,,,,,,,,,,,,,,,,,,,
VA,2011,"8,100,469",,,,,,,,,,,,,,,,,,,,,
WA,2011,"6,821,655",,,,,,,,,,,,,,,,,,,,,
WV,2011,"1,856,074",,,,,,,,,,,,,,,,,,,,,
WI,2011,"5,704,755",,,,,,,,,,,,,,,,,,,,,
WY,2011,"567,224",,,,,,,,,,,,,,,,,,,,,
AL,2012,"4,815,564",,,,,,,,,,,,,,,,,,,,,
AK,2012,"730,399",,,,,,,,,,,,,,,,,,,,,
AZ,2012,"6,556,629",,,,,,,,,,,,,,,,,,,,,
AR,2012,"2,952,109",,,,,,,,,,,,,,,,,,,,,
CA,2012,"37,960,782",,,,,,,,,,,,,,,,,,,,,
CO,2012,"5,193,721",,,,,,,,,,,,,,,,,,,,,
CT,2012,"3,594,395",,,,,,,,,,,,,,,,,,,,,
DE,2012,"915,188",,,,,,,,,,,,,,,,,,,,,
DC,2012,"634,725",,,,,,,,,,,,,,,,,,,,,
FL,2012,"19,326,230",,,,,,,,,,,,,,,,,,,,,
GA,2012,"9,901,496",,,,,,,,,,,,,,,,,,,,,
HI,2012,"1,394,905",,,,,,,,,,,,,,,,,,,,,
ID,2012,"1,595,441",,,,,,,,,,,,,,,,,,,,,
IL,2012,"12,884,119",,,,,,,,,,,,,,,,,,,,,
IN,2012,"6,537,640",,,,,,,,,,,,,,,,,,,,,
IA,2012,"3,076,097",,,,,,,,,,,,,,,,,,,,,
KS,2012,"2,885,361",,,,,,,,,,,,,,,,,,,,,
KY,2012,"4,386,381",,,,,,,,,,,,,,,,,,,,,
LA,2012,"4,600,814",,,,,,,,,,,,,,,,,,,,,
ME,2012,"1,327,691",,,,,,,,,,,,,,,,,,,,,
MD,2012,"5,887,072",,,,,,,,,,,,,,,,,,,,,
MA,2012,"6,663,158",,,,,,,,,,,,,,,,,,,,,
MI,2012,"9,896,930",,,,,,,,,,,,,,,,,,,,,
MN,2012,"5,376,550",,,,,,,,,,,,,,,,,,,,,
MS,2012,"2,983,767",,,,,,,,,,,,,,,,,,,,,
MO,2012,"6,024,081",,,,,,,,,,,,,,,,,,,,,
MT,2012,"1,003,754",,,,,,,,,,,,,,,,,,,,,
NE,2012,"1,853,323",,,,,,,,,,,,,,,,,,,,,
NV,2012,"2,744,566",,,,,,,,,,,,,,,,,,,,,
NH,2012,"1,323,962",,,,,,,,,,,,,,,,,,,,,
NJ,2012,"8,845,483",,,,,,,,,,,,,,,,,,,,,
NM,2012,"2,087,549",,,,,,,,,,,,,,,,,,,,,
NY,2012,"19,574,549",,,,,,,,,,,,,,,,,,,,,
NC,2012,"9,749,123",,,,,,,,,,,,,,,,,,,,,
ND,2012,"701,116",,,,,,,,,,,,,,,,,,,,,
OH,2012,"11,548,369",,,,,,,,,,,,,,,,,,,,,
OK,2012,"3,818,600",,,,,,,,,,,,,,,,,,,,,
OR,2012,"3,899,118",,,,,,,,,,,,,,,,,,,,,
PA,2012,"12,766,827",,,,,,,,,,,,,,,,,,,,,
RI,2012,"1,054,601",,,,,,,,,,,,,,,,,,,,,
SC,2012,"4,717,112",,,,,,,,,,,,,,,,,,,,,
SD,2012,"833,496",,,,,,,,,,,,,,,,,,,,,
TN,2012,"6,451,281",,,,,,,,,,,,,,,,,,,,,
TX,2012,"26,089,620",,,,,,,,,,,,,,,,,,,,,
UT,2012,"2,853,467",,,,,,,,,,,,,,,,,,,,,
VT,2012,"626,063",,,,,,,,,,,,,,,,,,,,,
VA,2012,"8,185,229",,,,,,,,,,,,,,,,,,,,,
WA,2012,"6,892,876",,,,,,,,,,,,,,,,,,,,,
WV,2012,"1,856,764",,,,,,,,,,,,,,,,,,,,,
WI,2012,"5,719,855",,,,,,,,,,,,,,,,,,,,,
WY,2012,"576,270",,,,,,,,,,,,,,,,,,,,,
AL,2013,"4,830,460",,,,,,,,,,,,,,,,,,,,,
AK,2013,"737,045",,,,,,,,,,,,,,,,,,,,,
AZ,2013,"6,634,999",,,,,,,,,,,,,,,,,,,,,
AR,2013,"2,959,549",,,,,,,,,,,,,,,,,,,,,
CA,2013,"38,280,824",,,,,,,,,,,,,,,,,,,,,
CO,2013,"5,270,482",,,,,,,,,,,,,,,,,,,,,
CT,2013,"3,594,915",,,,,,,,,,,,,,,,,,,,,
DE,2013,"923,638",,,,,,,,,,,,,,,,,,,,,
DC,2013,"650,431",,,,,,,,,,,,,,,,,,,,,
FL,2013,"19,563,166",,,,,,,,,,,,,,,,,,,,,
GA,2013,"9,973,326",,,,,,,,,,,,,,,,,,,,,
HI,2013,"1,408,453",,,,,,,,,,,,,,,,,,,,,
ID,2013,"1,611,530",,,,,,,,,,,,,,,,,,,,,
IL,2013,"12,898,269",,,,,,,,,,,,,,,,,,,,,
IN,2013,"6,568,367",,,,,,,,,,,,,,,,,,,,,
IA,2013,"3,093,078",,,,,,,,,,,,,,,,,,,,,
KS,2013,"2,893,510",,,,,,,,,,,,,,,,,,,,,
KY,2013,"4,404,817",,,,,,,,,,,,,,,,,,,,,
LA,2013,"4,624,577",,,,,,,,,,,,,,,,,,,,,
ME,2013,"1,328,196",,,,,,,,,,,,,,,,,,,,,
MD,2013,"5,923,704",,,,,,,,,,,,,,,,,,,,,
MA,2013,"6,713,944",,,,,,,,,,,,,,,,,,,,,
MI,2013,"9,913,349",,,,,,,,,,,,,,,,,,,,,
MN,2013,"5,413,693",,,,,,,,,,,,,,,,,,,,,
MS,2013,"2,988,797",,,,,,,,,,,,,,,,,,,,,
MO,2013,"6,040,658",,,,,,,,,,,,,,,,,,,,,
MT,2013,"1,013,564",,,,,,,,,,,,,,,,,,,,,
NE,2013,"1,865,414",,,,,,,,,,,,,,,,,,,,,
NV,2013,"2,776,972",,,,,,,,,,,,,,,,,,,,,
NH,2013,"1,326,408",,,,,,,,,,,,,,,,,,,,,
NJ,2013,"8,858,362",,,,,,,,,,,,,,,,,,,,,
NM,2013,"2,092,792",,,,,,,,,,,,,,,,,,,,,
NY,2013,"19,628,043",,,,,,,,,,,,,,,,,,,,,
NC,2013,"9,843,599",,,,,,,,,,,,,,,,,,,,,
ND,2013,"721,999",,,,,,,,,,,,,,,,,,,,,
OH,2013,"11,576,576",,,,,,,,,,,,,,,,,,,,,
OK,2013,"3,853,205",,,,,,,,,,,,,,,,,,,,,
OR,2013,"3,922,908",,,,,,,,,,,,,,,,,,,,,
PA,2013,"12,776,621",,,,,,,,,,,,,,,,,,,,,
RI,2013,"1,055,122",,,,,,,,,,,,,,,,,,,,,
SC,2013,"4,764,153",,,,,,,,,,,,,,,,,,,,,
SD,2013,"842,270",,,,,,,,,,,,,,,,,,,,,
TN,2013,"6,493,432",,,,,,,,,,,,,,,,,,,,,
TX,2013,"26,489,464",,,,,,,,,,,,,,,,,,,,,
UT,2013,"2,897,927",,,,,,,,,,,,,,,,,,,,,
VT,2013,"626,212",,,,,,,,,,,,,,,,,,,,,
VA,2013,"8,253,053",,,,,,,,,,,,,,,,,,,,,
WA,2013,"6,962,906",,,,,,,,,,,,,,,,,,,,,
WV,2013,"1,853,873",,,,,,,,,,,,,,,,,,,,,
WI,2013,"5,736,952",,,,,,,,,,,,,,,,,,,,,
WY,2013,"582,123",,,,,,,,,,,,,,,,,,,,,
AL,2014,"4,842,481",,,,,,,,,,,,,,,,,,,,,
AK,2014,"736,307",,,,,,,,,,,,,,,,,,,,,
AZ,2014,"6,733,840",,,,,,,,,,,,,,,,,,,,,
AR,2014,"2,967,726",,,,,,,,,,,,,,,,,,,,,
CA,2014,"38,625,139",,,,,,,,,,,,,,,,,,,,,
CO,2014,"5,351,218",,,,,,,,,,,,,,,,,,,,,
CT,2014,"3,594,783",,,,,,,,,,,,,,,,,,,,,
DE,2014,"932,596",,,,,,,,,,,,,,,,,,,,,
DC,2014,"662,513",,,,,,,,,,,,,,,,,,,,,
FL,2014,"19,860,330",,,,,,,,,,,,,,,,,,,,,
GA,2014,"10,069,001",,,,,,,,,,,,,,,,,,,,,
HI,2014,"1,414,862",,,,,,,,,,,,,,,,,,,,,
ID,2014,"1,631,479",,,,,,,,,,,,,,,,,,,,,
IL,2014,"12,888,962",,,,,,,,,,,,,,,,,,,,,
IN,2014,"6,593,533",,,,,,,,,,,,,,,,,,,,,
IA,2014,"3,109,504",,,,,,,,,,,,,,,,,,,,,
KS,2014,"2,900,896",,,,,,,,,,,,,,,,,,,,,
KY,2014,"4,414,483",,,,,,,,,,,,,,,,,,,,,
LA,2014,"4,644,204",,,,,,,,,,,,,,,,,,,,,
ME,2014,"1,330,760",,,,,,,,,,,,,,,,,,,,,
MD,2014,"5,958,165",,,,,,,,,,,,,,,,,,,,,
MA,2014,"6,763,652",,,,,,,,,,,,,,,,,,,,,
MI,2014,"9,930,589",,,,,,,,,,,,,,,,,,,,,
MN,2014,"5,451,522",,,,,,,,,,,,,,,,,,,,,
MS,2014,"2,990,623",,,,,,,,,,,,,,,,,,,,,
MO,2014,"6,056,293",,,,,,,,,,,,,,,,,,,,,
MT,2014,"1,021,891",,,,,,,,,,,,,,,,,,,,,
NE,2014,"1,879,522",,,,,,,,,,,,,,,,,,,,,
NV,2014,"2,819,012",,,,,,,,,,,,,,,,,,,,,
NH,2014,"1,333,223",,,,,,,,,,,,,,,,,,,,,
NJ,2014,"8,866,780",,,,,,,,,,,,,,,,,,,,,
NM,2014,"2,090,342",,,,,,,,,,,,,,,,,,,,,
NY,2014,"19,656,330",,,,,,,,,,,,,,,,,,,,,
NC,2014,"9,933,944",,,,,,,,,,,,,,,,,,,,,
ND,2014,"737,382",,,,,,,,,,,,,,,,,,,,,
OH,2014,"11,602,973",,,,,,,,,,,,,,,,,,,,,
OK,2014,"3,878,367",,,,,,,,,,,,,,,,,,,,,
OR,2014,"3,964,106",,,,,,,,,,,,,,,,,,,,,
PA,2014,"12,789,101",,,,,,,,,,,,,,,,,,,,,
RI,2014,"1,056,017",,,,,,,,,,,,,,,,,,,,,
SC,2014,"4,823,793",,,,,,,,,,,,,,,,,,,,,
SD,2014,"849,088",,,,,,,,,,,,,,,,,,,,,
TN,2014,"6,540,826",,,,,,,,,,,,,,,,,,,,,
TX,2014,"26,977,142",,,,,,,,,,,,,,,,,,,,,
UT,2014,"2,937,399",,,,,,,,,,,,,,,,,,,,,
VT,2014,"625,218",,,,,,,,,,,,,,,,,,,,,
VA,2014,"8,312,076",,,,,,,,,,,,,,,,,,,,,
WA,2014,"7,052,439",,,,,,,,,,,,,,,,,,,,,
WV,2014,"1,849,467",,,,,,,,,,,,,,,,,,,,,
WI,2014,"5,751,974",,,,,,,,,,,,,,,,,,,,,
WY,2014,"582,548",,,,,,,,,,,,,,,,,,,,,
AL,2015,"4,853,160",,,,,,,,,,,,,,,,,,,,,
AK,2015,"737,547",,,,,,,,,,,,,,,,,,,,,
AZ,2015,"6,833,596",,,,,,,,,,,,,,,,,,,,,
AR,2015,"2,978,407",,,,,,,,,,,,,,,,,,,,,
CA,2015,"38,953,142",,,,,,,,,,,,,,,,,,,,,
CO,2015,"5,452,107",,,,,,,,,,,,,,,,,,,,,
CT,2015,"3,587,509",,,,,,,,,,,,,,,,,,,,,
DE,2015,"941,413",,,,,,,,,,,,,,,,,,,,,
DC,2015,"675,254",,,,,,,,,,,,,,,,,,,,,
FL,2015,"20,224,249",,,,,,,,,,,,,,,,,,,,,
GA,2015,"10,181,111",,,,,,,,,,,,,,,,,,,,,
HI,2015,"1,422,484",,,,,,,,,,,,,,,,,,,,,
ID,2015,"1,651,523",,,,,,,,,,,,,,,,,,,,,
IL,2015,"12,864,342",,,,,,,,,,,,,,,,,,,,,
IN,2015,"6,608,296",,,,,,,,,,,,,,,,,,,,,
IA,2015,"3,121,460",,,,,,,,,,,,,,,,,,,,,
KS,2015,"2,909,502",,,,,,,,,,,,,,,,,,,,,
KY,2015,"4,425,999",,,,,,,,,,,,,,,,,,,,,
LA,2015,"4,664,851",,,,,,,,,,,,,,,,,,,,,
ME,2015,"1,328,484",,,,,,,,,,,,,,,,,,,,,
MD,2015,"5,986,717",,,,,,,,,,,,,,,,,,,,,
MA,2015,"6,795,891",,,,,,,,,,,,,,,,,,,,,
MI,2015,"9,932,573",,,,,,,,,,,,,,,,,,,,,
MN,2015,"5,482,503",,,,,,,,,,,,,,,,,,,,,
MS,2015,"2,988,693",,,,,,,,,,,,,,,,,,,,,
MO,2015,"6,071,745",,,,,,,,,,,,,,,,,,,,,
MT,2015,"1,030,503",,,,,,,,,,,,,,,,,,,,,
NE,2015,"1,891,507",,,,,,,,,,,,,,,,,,,,,
NV,2015,"2,868,666",,,,,,,,,,,,,,,,,,,,,
NH,2015,"1,336,294",,,,,,,,,,,,,,,,,,,,,
NJ,2015,"8,870,869",,,,,,,,,,,,,,,,,,,,,
NM,2015,"2,090,211",,,,,,,,,,,,,,,,,,,,,
NY,2015,"19,661,411",,,,,,,,,,,,,,,,,,,,,
NC,2015,"10,033,079",,,,,,,,,,,,,,,,,,,,,
ND,2015,"754,022",,,,,,,,,,,,,,,,,,,,,
OH,2015,"11,617,850",,,,,,,,,,,,,,,,,,,,,
OK,2015,"3,909,831",,,,,,,,,,,,,,,,,,,,,
OR,2015,"4,016,918",,,,,,,,,,,,,,,,,,,,,
PA,2015,"12,785,759",,,,,,,,,,,,,,,,,,,,,
RI,2015,"1,056,173",,,,,,,,,,,,,,,,,,,,,
SC,2015,"4,892,253",,,,,,,,,,,,,,,,,,,,,
SD,2015,"853,933",,,,,,,,,,,,,,,,,,,,,
TN,2015,"6,590,808",,,,,,,,,,,,,,,,,,,,,
TX,2015,"27,486,814",,,,,,,,,,,,,,,,,,,,,
UT,2015,"2,982,497",,,,,,,,,,,,,,,,,,,,,
VT,2015,"625,197",,,,,,,,,,,,,,,,,,,,,
VA,2015,"8,362,907",,,,,,,,,,,,,,,,,,,,,
WA,2015,"7,163,543",,,,,,,,,,,,,,,,,,,,,
WV,2015,"1,841,996",,,,,,,,,,,,,,,,,,,,,
WI,2015,"5,761,406",,,,,,,,,,,,,,,,,,,,,
WY,2015,"585,668",,,,,,,,,,,,,,,,,,,,,
AL,2016,"4,864,745",,,,,,,,,,,,,,,,,,,,,
AK,2016,"741,504",,,,,,,,,,,,,,,,,,,,,
AZ,2016,"6,945,452",,,,,,,,,,,,,,,,,,,,,
AR,2016,"2,990,410",,,,,,,,,,,,,,,,,,,,,
CA,2016,"39,209,127",,,,,,,,,,,,,,,,,,,,,
CO,2016,"5,540,921",,,,,,,,,,,,,,,,,,,,,
CT,2016,"3,578,674",,,,,,,,,,,,,,,,,,,,,
DE,2016,"949,216",,,,,,,,,,,,,,,,,,,,,
DC,2016,"686,575",,,,,,,,,,,,,,,,,,,,,
FL,2016,"20,629,982",,,,,,,,,,,,,,,,,,,,,
GA,2016,"10,304,763",,,,,,,,,,,,,,,,,,,,,
HI,2016,"1,428,105",,,,,,,,,,,,,,,,,,,,,
ID,2016,"1,682,930",,,,,,,,,,,,,,,,,,,,,
IL,2016,"12,826,895",,,,,,,,,,,,,,,,,,,,,
IN,2016,"6,633,344",,,,,,,,,,,,,,,,,,,,,
IA,2016,"3,131,785",,,,,,,,,,,,,,,,,,,,,
KS,2016,"2,911,263",,,,,,,,,,,,,,,,,,,,,
KY,2016,"4,438,229",,,,,,,,,,,,,,,,,,,,,
LA,2016,"4,678,215",,,,,,,,,,,,,,,,,,,,,
ME,2016,"1,331,370",,,,,,,,,,,,,,,,,,,,,
MD,2016,"6,004,692",,,,,,,,,,,,,,,,,,,,,
MA,2016,"6,826,022",,,,,,,,,,,,,,,,,,,,,
MI,2016,"9,951,890",,,,,,,,,,,,,,,,,,,,,
MN,2016,"5,523,409",,,,,,,,,,,,,,,,,,,,,
MS,2016,"2,988,298",,,,,,,,,,,,,,,,,,,,,
MO,2016,"6,087,203",,,,,,,,,,,,,,,,,,,,,
MT,2016,"1,040,863",,,,,,,,,,,,,,,,,,,,,
NE,2016,"1,905,924",,,,,,,,,,,,,,,,,,,,,
NV,2016,"2,919,772",,,,,,,,,,,,,,,,,,,,,
NH,2016,"1,342,373",,,,,,,,,,,,,,,,,,,,,
NJ,2016,"8,874,516",,,,,,,,,,,,,,,,,,,,,
NM,2016,"2,092,789",,,,,,,,,,,,,,,,,,,,,
NY,2016,"19,641,589",,,,,,,,,,,,,,,,,,,,,
NC,2016,"10,156,679",,,,,,,,,,,,,,,,,,,,,
ND,2016,"754,353",,,,,,,,,,,,,,,,,,,,,
OH,2016,"11,635,003",,,,,,,,,,,,,,,,,,,,,
OK,2016,"3,926,769",,,,,,,,,,,,,,,,,,,,,
OR,2016,"4,091,404",,,,,,,,,,,,,,,,,,,,,
PA,2016,"12,783,538",,,,,,,,,,,,,,,,,,,,,
RI,2016,"1,057,063",,,,,,,,,,,,,,,,,,,,,
SC,2016,"4,958,235",,,,,,,,,,,,,,,,,,,,,
SD,2016,"862,890",,,,,,,,,,,,,,,,,,,,,
TN,2016,"6,645,011",,,,,,,,,,,,,,,,,,,,,
TX,2016,"27,937,492",,,,,,,,,,,,,,,,,,,,,
UT,2016,"3,042,613",,,,,,,,,,,,,,,,,,,,,
VT,2016,"623,644",,,,,,,,,,,,,,,,,,,,,
VA,2016,"8,410,946",,,,,,,,,,,,,,,,,,,,,
WA,2016,"7,294,680",,,,,,,,,,,,,,,,,,,,,
WV,2016,"1,830,929",,,,,,,,,,,,,,,,,,,,,
WI,2016,"5,772,958",,,,,,,,,,,,,,,,,,,,,
WY,2016,"584,290",,,,,,,,,,,,,,,,,,,,,
AL,2017,"4,875,120",,,,,,,,,,,,,,,,,,,,,
AK,2017,"739,786",,,,,,,,,,,,,,,,,,,,,
AZ,2017,"7,048,876",,,,,,,,,,,,,,,,,,,,,
AR,2017,"3,002,997",,,,,,,,,,,,,,,,,,,,,
CA,2017,"39,399,349",,,,,,,,,,,,,,,,,,,,,
CO,2017,"5,615,902",,,,,,,,,,,,,,,,,,,,,
CT,2017,"3,573,880",,,,,,,,,,,,,,,,,,,,,
DE,2017,"957,078",,,,,,,,,,,,,,,,,,,,,
DC,2017,"695,691",,,,,,,,,,,,,,,,,,,,,
FL,2017,"20,976,812",,,,,,,,,,,,,,,,,,,,,
GA,2017,"10,413,055",,,,,,,,,,,,,,,,,,,,,
HI,2017,"1,424,203",,,,,,,,,,,,,,,,,,,,,
ID,2017,"1,718,904",,,,,,,,,,,,,,,,,,,,,
IL,2017,"12,786,196",,,,,,,,,,,,,,,,,,,,,
IN,2017,"6,660,082",,,,,,,,,,,,,,,,,,,,,
IA,2017,"3,143,637",,,,,,,,,,,,,,,,,,,,,
KS,2017,"2,910,689",,,,,,,,,,,,,,,,,,,,,
KY,2017,"4,453,874",,,,,,,,,,,,,,,,,,,,,
LA,2017,"4,670,818",,,,,,,,,,,,,,,,,,,,,
ME,2017,"1,335,063",,,,,,,,,,,,,,,,,,,,,
MD,2017,"6,024,891",,,,,,,,,,,,,,,,,,,,,
MA,2017,"6,863,246",,,,,,,,,,,,,,,,,,,,,
MI,2017,"9,976,447",,,,,,,,,,,,,,,,,,,,,
MN,2017,"5,568,155",,,,,,,,,,,,,,,,,,,,,
MS,2017,"2,989,663",,,,,,,,,,,,,,,,,,,,,
MO,2017,"6,108,612",,,,,,,,,,,,,,,,,,,,,
MT,2017,"1,053,090",,,,,,,,,,,,,,,,,,,,,
NE,2017,"1,917,575",,,,,,,,,,,,,,,,,,,,,
NV,2017,"2,972,405",,,,,,,,,,,,,,,,,,,,,
NH,2017,"1,349,767",,,,,,,,,,,,,,,,,,,,,
NJ,2017,"8,888,543",,,,,,,,,,,,,,,,,,,,,
NM,2017,"2,093,395",,,,,,,,,,,,,,,,,,,,,
NY,2017,"19,590,719",,,,,,,,,,,,,,,,,,,,,
NC,2017,"10,270,800",,,,,,,,,,,,,,,,,,,,,
ND,2017,"755,176",,,,,,,,,,,,,,,,,,,,,
OH,2017,"11,664,129",,,,,,,,,,,,,,,,,,,,,
OK,2017,"3,932,640",,,,,,,,,,,,,,,,,,,,,
OR,2017,"4,146,592",,,,,,,,,,,,,,,,,,,,,
PA,2017,"12,790,447",,,,,,,,,,,,,,,,,,,,,
RI,2017,"1,056,486",,,,,,,,,,,,,,,,,,,,,
SC,2017,"5,021,219",,,,,,,,,,,,,,,,,,,,,
SD,2017,"873,286",,,,,,,,,,,,,,,,,,,,,
TN,2017,"6,708,794",,,,,,,,,,,,,,,,,,,,,
TX,2017,"28,322,717",,,,,,,,,,,,,,,,,,,,,
UT,2017,"3,103,118",,,,,,,,,,,,,,,,,,,,,
VT,2017,"624,525",,,,,,,,,,,,,,,,,,,,,
VA,2017,"8,465,207",,,,,,,,,,,,,,,,,,,,,
WA,2017,"7,425,432",,,,,,,,,,,,,,,,,,,,,
WV,2017,"1,817,048",,,,,,,,,,,,,,,,,,,,,
WI,2017,"5,792,051",,,,,,,,,,,,,,,,,,,,,
WY,2017,"578,934",,,,,,,,,,,,,,,,,,,,,
AL,2018,"4,887,871",,,,,,,,,,,,,,,,,,,,,
AK,2018,"737,438",,,,,,,,,,,,,,,,,,,,,
AZ,2018,"7,171,646",,,,,,,,,,,,,,,,,,,,,
AR,2018,"3,013,825",,,,,,,,,,,,,,,,,,,,,
CA,2018,"39,557,045",,,,,,,,,,,,,,,,,,,,,
CO,2018,"5,695,564",,,,,,,,,,,,,,,,,,,,,
CT,2018,"3,572,665",,,,,,,,,,,,,,,,,,,,,
DE,2018,"967,171",,,,,,,,,,,,,,,,,,,,,
DC,2018,"702,455",,,,,,,,,,,,,,,,,,,,,
FL,2018,"21,299,325",,,,,,,,,,,,,,,,,,,,,
GA,2018,"10,519,475",,,,,,,,,,,,,,,,,,,,,
HI,2018,"1,420,491",,,,,,,,,,,,,,,,,,,,,
ID,2018,"1,754,208",,,,,,,,,,,,,,,,,,,,,
IL,2018,"12,741,080",,,,,,,,,,,,,,,,,,,,,
IN,2018,"6,691,878",,,,,,,,,,,,,,,,,,,,,
IA,2018,"3,156,145",,,,,,,,,,,,,,,,,,,,,
KS,2018,"2,911,505",,,,,,,,,,,,,,,,,,,,,
KY,2018,"4,468,402",,,,,,,,,,,,,,,,,,,,,
LA,2018,"4,659,978",,,,,,,,,,,,,,,,,,,,,
ME,2018,"1,338,404",,,,,,,,,,,,,,,,,,,,,
MD,2018,"6,042,718",,,,,,,,,,,,,,,,,,,,,
MA,2018,"6,902,149",,,,,,,,,,,,,,,,,,,,,
MI,2018,"9,995,915",,,,,,,,,,,,,,,,,,,,,
MN,2018,"5,611,179",,,,,,,,,,,,,,,,,,,,,
MS,2018,"2,986,530",,,,,,,,,,,,,,,,,,,,,
MO,2018,"6,126,452",,,,,,,,,,,,,,,,,,,,,
MT,2018,"1,062,305",,,,,,,,,,,,,,,,,,,,,
NE,2018,"1,929,268",,,,,,,,,,,,,,,,,,,,,
NV,2018,"3,034,392",,,,,,,,,,,,,,,,,,,,,
NH,2018,"1,356,458",,,,,,,,,,,,,,,,,,,,,
NJ,2018,"8,908,520",,,,,,,,,,,,,,,,,,,,,
NM,2018,"2,095,428",,,,,,,,,,,,,,,,,,,,,
NY,2018,"19,542,209",,,,,,,,,,,,,,,,,,,,,
NC,2018,"10,383,620",,,,,,,,,,,,,,,,,,,,,
ND,2018,"760,077",,,,,,,,,,,,,,,,,,,,,
OH,2018,"11,689,442",,,,,,,,,,,,,,,,,,,,,
OK,2018,"3,943,079",,,,,,,,,,,,,,,,,,,,,
OR,2018,"4,190,713",,,,,,,,,,,,,,,,,,,,,
PA,2018,"12,807,060",,,,,,,,,,,,,,,,,,,,,
RI,2018,"1,057,315",,,,,,,,,,,,,,,,,,,,,
SC,2018,"5,084,127",,,,,,,,,,,,,,,,,,,,,
SD,2018,"882,235",,,,,,,,,,,,,,,,,,,,,
TN,2018,"6,770,010",,,,,,,,,,,,,,,,,,,,,
TX,2018,"28,701,845",,,,,,,,,,,,,,,,,,,,,
UT,2018,"3,161,105",,,,,,,,,,,,,,,,,,,,,
VT,2018,"626,299",,,,,,,,,,,,,,,,,,,,,
VA,2018,"8,517,685",,,,,,,,,,,,,,,,,,,,,
WA,2018,"7,535,591",,,,,,,,,,,,,,,,,,,,,
WV,2018,"1,805,832",,,,,,,,,,,,,,,,,,,,,
WI,2018,"5,813,568",,,,,,,,,,,,,,,,,,,,,
WY,2018,"577,737",,,,,,,,,,,,,,,,,,,,,
